Washington,George,,
Adams,John,,
Jefferson,Thomas,,
Madison,James,,
Monroe,James,,
Adams,John,Quincy,
Jackson,Andrew,,
Van Buren,Martin,,
Harrison,William,Henry,
Tyler,John,,
Polk,James,,
Taylor,Zachary,,
Fillmore,Millard,,
Pierce,Franklin,,
Buchanan,James,,
Lincoln,Abraham,,
Johnson,Andrew,,
Grant,Ulysses,Simpson,
Hayes,Rutherford,Birchard,
Garfield,James,Abram,
Arthur,Chester,Alan,
Cleveland,Stephen,Grover,
Harrison,Benjamin,,
Cleveland,Stephen,Grover,
McKinley,William,,
Roosevelt,Theodore,,
Taft,William,Howard,
Wilson,Thomas,Woodrow,
Harding,Warren,Gamaliel,
Coolidge,John,Calvin,
Hoover,Herbert,Clark,
Roosevelt,Franklin,Delano,
Truman,Harry,S,
Eisenhower,Dwight,David,
Kennedy,John,Fitzgerald,
Johnson,Lyndon,Baines,
Nixon,Richard,Milhous,
Ford,Gerald,Rudolph,
Carter,James,Earl,
Reagan,Ronald,Wilson,
Bush,George,Herbert,Walker
Clinton,William,Jefferson,
Bush,George,W,

