<?xml version="1.0" encoding="UTF-8"?>
<jax-ws xmlns="http://www.netbeans.org/ns/jax-ws/1">
  <services>
    <service name="WeightUnitConversionServiceFromWSDL">
      <implementation-class>com.ensode.webservices.WeightUnitConversionServiceFromWSDL</implementation-class>
      <wsdl-url>http://localhost:8080/WeightUnitConversionService/WeightUnitConversion?wsdl</wsdl-url>
      <local-wsdl-file>localhost_8080/WeightUnitConversionService/WeightUnitConversion.wsdl</local-wsdl-file>
      <service-name>WeightUnitConversionService</service-name>
      <port-name>WeightUnitConversionPort</port-name>
      <package-name>com.ensode.webservices</package-name>
      <catalog-file>catalog.xml</catalog-file>
      <use-provider>false</use-provider>
    </service>
  </services>
  <clients/>
</jax-ws>
