<?xml version="1.0" encoding="UTF-8"?>
<project xmlns:xalan="http://xml.apache.org/xslt" xmlns:webproject2="http://www.netbeans.org/ns/web-project/2" xmlns:jaxws="http://www.netbeans.org/ns/jax-ws/1">
    <!--
                ===================
                JAX-WS WSIMPORT SECTION
                ===================
            -->
    <target name="wsimport-init" depends="init">
        <mkdir dir="${build.generated.dir}/wsimport/service"/>
        <mkdir dir="${build.generated.dir}/wsimport/binaries"/>
        <taskdef name="wsimport" classname="com.sun.tools.ws.ant.WsImport">
            <classpath path="${java.home}/../lib/tools.jar:${j2ee.platform.wsimport.classpath}:${javac.classpath}"/>
        </taskdef>
        <condition property="conf-dir" value="${conf.dir}/" else="">
            <isset property="conf.dir"/>
        </condition>
    </target>
    <target name="wsimport-service-check-WeightUnitConversionServiceFromWSDL" depends="wsimport-init">
        <condition property="wsimport-service-WeightUnitConversionServiceFromWSDL.notRequired">
            <available file="${build.generated.dir}/wsimport/service/com/ensode/webservices/WeightUnitConversionService.java"/>
        </condition>
    </target>
    <target name="wsimport-service-WeightUnitConversionServiceFromWSDL" depends="wsimport-init,wsimport-service-check-WeightUnitConversionServiceFromWSDL" unless="wsimport-service-WeightUnitConversionServiceFromWSDL.notRequired">
        <wsimport xnocompile="true" verbose="true" sourcedestdir="${build.generated.dir}/wsimport/service" extension="true" destdir="${build.generated.dir}/wsimport/binaries" wsdl="${basedir}/${conf-dir}xml-resources/web-services/WeightUnitConversionServiceFromWSDL/wsdl/localhost_8080/WeightUnitConversionService/WeightUnitConversion.wsdl" catalog="catalog.xml"/>
        <copy todir="${build.web.dir}/WEB-INF/wsdl/WeightUnitConversionServiceFromWSDL">
            <fileset dir="${basedir}/${conf-dir}xml-resources/web-services/WeightUnitConversionServiceFromWSDL/wsdl/"/>
        </copy>
    </target>
    <target name="wsimport-service-clean-WeightUnitConversionServiceFromWSDL" depends="-init-project">
        <delete dir="${build.generated.dir}/wsimport/service/com/ensode/webservices"/>
    </target>
    <target name="wsimport-service-generate" depends="wsimport-service-WeightUnitConversionServiceFromWSDL"/>
    <target name="wsimport-service-compile" depends="-pre-pre-compile">
        <webproject2:javac srcdir="${build.generated.dir}/wsimport/service" classpath="${j2ee.platform.wsimport.classpath}:${javac.classpath}" destdir="${build.classes.dir}"/>
    </target>
</project>
