<?xml version='1.0' encoding='UTF-8'?>

<!-- =========== FULL CONFIGURATION FILE ================================== -->
<faces-config version="1.2" 
    xmlns="http://java.sun.com/xml/ns/javaee" 
    xmlns:xsi="http://www.w3.org/2001/XMLSchema-instance" 
    xsi:schemaLocation="http://java.sun.com/xml/ns/javaee http://java.sun.com/xml/ns/javaee/web-facesconfig_1_2.xsd">
    <managed-bean>
        <managed-bean-name>RegistrationBean</managed-bean-name>
        <managed-bean-class>com.ensode.jsf.managedbeans.RegistrationBean</managed-bean-class>
        <managed-bean-scope>request</managed-bean-scope>
    </managed-bean>
    <navigation-rule>
        <from-view-id>/welcomeJSF.jsp</from-view-id>
        <navigation-case>
            <from-outcome>submit</from-outcome>
            <to-view-id>/confirmation.jsp</to-view-id>
        </navigation-case>
    </navigation-rule>
    <validator>
        <validator-id>emailValidator</validator-id>
        <validator-class>com.ensode.jsf.validators.EmailValidator</validator-class>
    </validator>
</faces-config>
