<?xml version="1.0" encoding="UTF-8"?>
<project xmlns="http://www.netbeans.org/ns/project/1">
    <type>com.sun.tools.ide.uml.project</type>
    <configuration>
        <data xmlns="http://www.sun.com/ns/uml-project/1">
            <name>SessionBeanIntro-ejb-Model</name>
            <minimum-ant-version>1.6</minimum-ant-version>
        </data>
        <references xmlns="http://www.netbeans.org/ns/ant-project-references/1">
            <reference>
                <foreign-project>SessionBeanIntro-ejb</foreign-project>
                <artifact-type>j2ee_archive</artifact-type>
                <script>build.xml</script>
                <target>dist</target>
                <clean-target>clean</clean-target>
                <id>dist</id>
            </reference>
            <reference>
                <foreign-project>SessionBeanIntro-ejb</foreign-project>
                <artifact-type>j2ee_ear_archive</artifact-type>
                <script>build.xml</script>
                <target>dist-ear</target>
                <clean-target>clean-ear</clean-target>
                <id>dist-ear</id>
            </reference>
        </references>
    </configuration>
</project>
