<?xml version="1.0" encoding="UTF-8" ?>
<!DOCTYPE jdo PUBLIC
    "-//Sun Microsystems, Inc.//DTD Java Data Objects Metadata 1.0//EN"
    "http://java.sun.com/dtd/jdo_1_0.dtd">
<jdo>
    <package name="com.mediamania.content" >
        <class name="Studio" >
        </class>
        <class name="MediaContent" />
        <class name="Movie"
          persistence-capable-superclass="MediaContent">
        </class>
        <class name="MediaPerson" >
        </class>
        <class name="Game" />
        <class name="Role" />
    </package>
    <package name="com.mediamania.store" >
        <class name="MediaItem" >
        </class>
        <class name="RentalItem"/>
        <class name="Customer" >
        </class>
        <class name="Address" />
        <class name="Transaction" />
        <class name="Purchase"
          persistence-capable-superclass="Transaction"/>
        <class name="Rental"
          persistence-capable-superclass="Transaction"/>
        <class name="RentalCode" />
    </package>
</jdo>