<?xml version="1.0" encoding="UTF-8"?>
<project-private xmlns="http://www.netbeans.org/ns/project-private/1">
    <editor-bookmarks xmlns="http://www.netbeans.org/ns/editor-bookmarks/2" lastBookmarkId="0"/>
    <open-files xmlns="http://www.netbeans.org/ns/projectui-open-files/2">
        <group>
            <file>file:/C:/Users/Administrator/Documents/NetBeansProjects/ExampleTwo/src/java/osa/ora/servlets/ImageRender.java</file>
            <file>file:/C:/Users/Administrator/Documents/NetBeansProjects/ExampleTwo/src/java/osa/ora/beans/SearchCriteria.java</file>
            <file>file:/C:/Users/Administrator/Documents/NetBeansProjects/ExampleTwo/src/java/osa/ora/beans/BasketBean.java</file>
            <file>file:/C:/Users/Administrator/Documents/NetBeansProjects/ExampleTwo/src/java/osa/ora/beans/BasketElement.java</file>
            <file>file:/C:/Users/Administrator/Documents/NetBeansProjects/ExampleTwo/src/java/osa/ora/servlets/AddToBasket.java</file>
            <file>file:/C:/Users/Administrator/Documents/NetBeansProjects/ExampleTwo/src/java/osa/ora/cache/CacheSessionBean.java</file>
            <file>file:/C:/Users/Administrator/Documents/NetBeansProjects/ExampleTwo/src/java/osa/ora/servlets/BrowseServlet.java</file>
            <file>file:/C:/Users/Administrator/Documents/NetBeansProjects/ExampleTwo/web/home.jsp</file>
            <file>file:/C:/Users/Administrator/Documents/NetBeansProjects/ExampleTwo/web/js/ajax_call.js</file>
            <file>file:/C:/Users/Administrator/Documents/NetBeansProjects/ExampleTwo/web/error.jsp</file>
            <file>file:/C:/Users/Administrator/Documents/NetBeansProjects/ExampleTwo/src/java/osa/ora/dao/ProductCatalogSessionBean.java</file>
            <file>file:/C:/Users/Administrator/Documents/NetBeansProjects/ExampleTwo/web/specs.jsp</file>
            <file>file:/C:/Users/Administrator/Documents/NetBeansProjects/ExampleTwo/src/java/osa/ora/listener/SessionListener.java</file>
            <file>file:/C:/Users/Administrator/Documents/NetBeansProjects/ExampleTwo/web/index.jsp</file>
        </group>
    </open-files>
</project-private>
