<?xml version="1.0" encoding="UTF-8"?>
<con:soapui-project name="ch03" resourceRoot="" soapui-version="4.0.0" abortOnError="false" runType="SEQUENTIAL" xmlns:con="http://eviware.com/soapui/config"><con:settings><con:setting id="com.eviware.soapui.impl.wsdl.actions.iface.tools.soapui.TestRunnerAction@values-local"><![CDATA[<xml-fragment xmlns:con="http://eviware.com/soapui/config">
  <con:entry key="Global Properties" value=""/>
  <con:entry key="TestSuite" value="Web TestSuite"/>
  <con:entry key="Report to Generate" value=""/>
  <con:entry key="Password" value=""/>
  <con:entry key="soapui-setings.xml Password" value=""/>
  <con:entry key="TestRunner Path" value=""/>
  <con:entry key="Tool Args" value=""/>
  <con:entry key="Ignore Errors" value="false"/>
  <con:entry key="Host:Port" value=""/>
  <con:entry key="WSS Password Type" value=""/>
  <con:entry key="Save Project" value="false"/>
  <con:entry key="Enable UI" value="false"/>
  <con:entry key="System Properties" value=""/>
  <con:entry key="Domain" value=""/>
  <con:entry key="Coverage Report" value="false"/>
  <con:entry key="Export JUnit Results" value="false"/>
  <con:entry key="Open Report" value="false"/>
  <con:entry key="Project Properties" value=""/>
  <con:entry key="Project Password" value=""/>
  <con:entry key="Export All" value="false"/>
  <con:entry key="Report Format(s)" value=""/>
  <con:entry key="TestCase" value="Customer TestCase"/>
  <con:entry key="Print Report" value="false"/>
  <con:entry key="Username" value=""/>
  <con:entry key="Root Folder" value=""/>
  <con:entry key="Save After" value="false"/>
  <con:entry key="Add Settings" value="false"/>
  <con:entry key="Endpoint" value=""/>
</xml-fragment>]]></con:setting></con:settings><con:interface xsi:type="con:RestService" wadlVersion="http://wadl.dev.java.net/2009/02" name="ch03" type="rest" basePath="/ch03/services/customers/" xmlns:xsi="http://www.w3.org/2001/XMLSchema-instance"><con:settings/><con:definitionCache/><con:endpoints><con:endpoint>http://localhost:8080</con:endpoint></con:endpoints><con:resource name="ch03" path="/ch03/services/customers/"><con:settings/><con:parameters/><con:method name="customers" method="GET"><con:settings/><con:parameters/><con:request name="Request 1" mediaType="application/xml"><con:settings/><con:endpoint>http://localhost:8080</con:endpoint><con:request/><con:jmsConfig JMSDeliveryMode="PERSISTENT"/><con:jmsPropertyConfig/><con:parameters/></con:request></con:method></con:resource></con:interface><con:testSuite name="Web TestSuite"><con:settings/><con:runType>SEQUENTIAL</con:runType><con:testCase failOnError="true" failTestCaseOnErrors="true" keepSession="true" maxResults="0" name="Customer TestCase" searchProperties="true"><con:settings/><con:testStep type="httprequest" name="http://localhost:8080/ch03/services/customers/"><con:settings/><con:config method="GET" xsi:type="con:HttpRequest" name="http://localhost:8080/ch03/services/customers/" xmlns:xsi="http://www.w3.org/2001/XMLSchema-instance"><con:settings><con:setting id="com.eviware.soapui.impl.wsdl.WsdlRequest@request-headers">&lt;xml-fragment/></con:setting></con:settings><con:endpoint>http://localhost:8080/ch03/services/customers/mickknutson</con:endpoint><con:request/><con:assertion type="Simple Contains" name="Contains"><con:configuration><token>&lt;postCode>94114&lt;/postCode></token><ignoreCase>false</ignoreCase><useRegEx>false</useRegEx></con:configuration></con:assertion><con:jmsConfig JMSDeliveryMode="PERSISTENT"/><con:jmsPropertyConfig/><con:parameters/></con:config></con:testStep><con:properties/><con:reportParameters/></con:testCase><con:properties/><con:reportParameters/></con:testSuite><con:requirements/><con:properties/><con:wssContainer/><con:databaseConnectionContainer/><con:reporting><con:xmlTemplates/><con:parameters/></con:reporting></con:soapui-project>