<?xml version="1.0" encoding="UTF-8"?>
<?xml-stylesheet type="text/xsl" href="../xslt/mailbox.xslt"?>
<mailbox>
	<username>burke_e</username>
	<folders>
		<name>Personal</name>
		<name>Inbox</name>
	</folders>
	<folder>
		<name>Inbox</name>
		<messageHeader id="0">
			<from>dexter@yahoo.com</from>
			<to>burke_e@ociweb.com</to>
			<subject>[no subject]</subject>
			<whenReceived sortKey="978357623075">Jan 01, 2001 08:00:23 AM</whenReceived>
		</messageHeader>
		<messageHeader id="1">
			<from>spammer@hidden.net</from>
			<to>burke_e@yahoo.com</to>
			<subject>Get rich quick!</subject>
			<whenReceived sortKey="978531405075">Jan 03, 2001 08:16:45 AM</whenReceived>
		</messageHeader>
		<messageHeader id="2">
			<from>a3947k@hotmail.com</from>
			<to>burke_e@yahoo.com</to>
			<subject>Here's an offer you can't refuse</subject>
			<whenReceived sortKey="978611545075">Jan 04, 2001 06:32:25 AM</whenReceived>
		</messageHeader>
		<messageHeader id="3">
			<from>sally123@mindspring.com</from>
			<to>burke_e@ociweb.com</to>
			<subject>A friend referred you to me</subject>
			<whenReceived sortKey="978805214075">Jan 06, 2001 12:20:14 PM</whenReceived>
		</messageHeader>
		<messageHeader id="4">
			<from>joe001</from>
			<to>burke_e@ociweb.com</to>
			<subject>Did you hear about this?</subject>
			<whenReceived sortKey="979033520075">Jan 09, 2001 03:45:20 AM</whenReceived>
		</messageHeader>
		<messageHeader id="5">
			<from>jill0393@mindspring.com</from>
			<to>burke_e@ociweb.com</to>
			<subject>Let me tell you about this</subject>
			<whenReceived sortKey="981105057075">Feb 02, 2001 03:10:57 AM</whenReceived>
		</messageHeader>
		<messageHeader id="6">
			<from>autoreply@nospam.com</from>
			<to>burke_e@ociweb.com</to>
			<subject>How's it going?</subject>
			<whenReceived sortKey="981200720075">Feb 03, 2001 05:45:20 AM</whenReceived>
		</messageHeader>
	</folder>
</mailbox>
