<?xml version="1.0" encoding="UTF-8"?>
<?xml-stylesheet type="text/xsl" href="../xslt/wml/showtimes.xslt"?>
<movies>
	<!-- all movies -->
	<moviedef id="star_wars1">
		<shortName>Star Wars Ep 1</shortName>
		<longName>Star Wars Episode I: The Phantom Menace</longName>
	</moviedef>
	<moviedef id="star_wars4">
		<shortName>Star Wars</shortName>
		<longName>Star Wars: A New Hope</longName>
	</moviedef>
	<moviedef id="star_wars5">
		<shortName>Emp Strikes Back</shortName>
		<longName>The Empire Strikes Back</longName>
	</moviedef>
	<moviedef id="star_wars6">
		<shortName>Return of Jedi</shortName>
		<longName>Return of the Jedi</longName>
	</moviedef>
	<moviedef id="back2future1">
		<shortName>Back 2 Future 1</shortName>
		<longName>Back to the Future 1</longName>
	</moviedef>
	<moviedef id="back2future2">
		<shortName>Back 2 Future 2</shortName>
		<longName>Back to the Future 2</longName>
	</moviedef>
	<moviedef id="back2future3">
		<shortName>Back 2 Future 3</shortName>
		<longName>Back to the Future 3</longName>
	</moviedef>
	<moviedef id="jones1">
		<shortName>Raiders Lost Ark</shortName>
		<longName>Raiders of the Lost Ark</longName>
	</moviedef>
	<moviedef id="jones2">
		<shortName>Temple of Doom</shortName>
		<longName>Indiana Jones and The Temple of Doom</longName>
	</moviedef>
	<moviedef id="jones3">
		<shortName>Last Crusade</shortName>
		<longName>Indiana Jones and The Last Crusade</longName>
	</moviedef>
	<city id="chi">
		<name>Chicago</name>
		<theater id="liberty10">
			<name>Liberty 10</name>
			<movie ref="star_wars1">
				<times>10:15a, 3:30, 12:30, 5:45, 7:15, 10:30</times>
			</movie>
			<movie ref="star_wars4">
				<times>1:30, 4:00, 6:00</times>
			</movie>
			<movie ref="back2future2">
				<times>4:00, 6:00, 8:00, 10:00</times>
			</movie>
			<movie ref="back2future3">
				<times>4:00, 6:00, 8:00, 10:00</times>
			</movie>
			<movie ref="jones1">
				<times>1:15, 3:45, 7:30, 9:45</times>
			</movie>
		</theater>
	</city>
	<city id="stl">
		<name>St. Louis</name>
		<theater id="westolive16">
			<name>West Olive 16</name>
			<movie ref="star_wars1">
				<times>10:15a, 3:30, 12:30, 5:45, 7:15, 10:30</times>
			</movie>
			<movie ref="star_wars4">
				<times>1:30, 4:00, 6:00</times>
			</movie>
			<movie ref="star_wars5">
				<times>2:30, 4:10, 6:20</times>
			</movie>
			<movie ref="back2future3">
				<times>4:00, 6:00, 8:00, 10:00</times>
			</movie>
		</theater>
		<theater id="stcharles18">
			<name>St. Charles 18</name>
			<movie ref="star_wars4">
				<times>10:15a, 3:30, 12:30, 5:45, 7:15, 10:30</times>
			</movie>
			<movie ref="star_wars5">
				<times>1:30, 4:00, 6:00</times>
			</movie>
			<movie ref="back2future2">
				<times>4:00, 6:00, 8:00, 10:00</times>
			</movie>
		</theater>
		<theater id="ofallon">
			<name>O'Fallon Cine</name>
			<movie ref="jones1">
				<times>10:15a, 3:30, 12:30, 5:45, 7:15, 10:30</times>
			</movie>
			<movie ref="jones2">
				<times>1:30, 4:00, 6:00</times>
			</movie>
			<movie ref="back2future2">
				<times>4:00, 6:00, 8:00, 10:00</times>
			</movie>
		</theater>
	</city>
	<city id="seb">
		<name>Sebastopol</name>
		<theater id="ronnies">
			<name>Ronnie's Classics</name>
			<movie ref="star_wars1">
				<times>10:15a, 3:30, 12:30, 5:45, 7:15, 10:30</times>
			</movie>
			<movie ref="star_wars4">
				<times>1:30, 4:00, 6:00</times>
			</movie>
			<movie ref="star_wars5">
				<times>2:30, 4:10, 6:20</times>
			</movie>
			<movie ref="back2future3">
				<times>4:00, 6:00, 8:00, 10:00</times>
			</movie>
		</theater>
		<theater id="gallery">
			<name>The Gallery</name>
			<movie ref="star_wars4">
				<times>10:15a, 3:30, 12:30, 5:45, 7:15, 10:30</times>
			</movie>
			<movie ref="star_wars5">
				<times>1:30, 4:00, 6:00</times>
			</movie>
			<movie ref="back2future2">
				<times>4:00, 6:00, 8:00, 10:00</times>
			</movie>
		</theater>
		<theater id="south10">
			<name>South 10 Cine</name>
			<movie ref="jones1">
				<times>10:15a, 3:30, 12:30, 5:45, 7:15, 10:30</times>
			</movie>
			<movie ref="jones2">
				<times>1:30, 4:00, 6:00</times>
			</movie>
			<movie ref="back2future2">
				<times>4:00, 6:00, 8:00, 10:00</times>
			</movie>
		</theater>
	</city>
</movies>
