<purchaseOrder orderDate="07.23.2001" 
    xmlns="http://www.cds-r-us.com"
    xmlns:xsi="http://www.w3.org/2001/XMLSchema-instance" 
    xsi:schemaLocation="http://www.cds-r-us.com po.xsd"
>
  <recipient country="USA">
    <name>Dennis Scannell</name>
    <street>175 Perry Lea Side Road</street>
    <city>Waterbury</city>
    <state>VT</state>
    <postalCode>05676</postalCode>
  </recipient>
  <order>
    <cd artist="Brooks Williams" title="Little Lion" />
    <cd artist="David Wilcox" title="What You Whispered" />
  </order>
</purchaseOrder>
