<s:Envelope xmlns:s="http://schemas.xmlsoap.org/soap/envelope/">
 <s:Body>
  <purchaseOrder orderDate="07.23.2001" 
      xmlns="urn:cd-order-service"
  >
    <recipient country="USA">
      <name>Dennis Scannell</name>
      <street>175 Perry Lea Side Road</street>
      <city>Waterbury</city>
      <state>VT</state>
      <postalCode>05676</postalCode>
    </recipient>
    <order>
      <cd artist="Brooks Williams" title="Little Lion" />
      <cd artist="David Wilcox" title="What You Whispered" />
    </order>
  </purchaseOrder>
 </s:Body>
</s:Envelope>