<faces-config xmlns="http://java.sun.com/xml/ns/javaee"
  xmlns:xsi="http://www.w3.org/2001/XMLSchema-instance"
  xsi:schemaLocation="http://java.sun.com/xml/ns/javaee http://java.sun.com/xml/ns/javaee/web-facesconfig_1_2.xsd"
  version="1.2">

  <application>
    <message-bundle>net.ensode.Messages</message-bundle>
  </application>
  <managed-bean>
    <managed-bean-name>Customer</managed-bean-name>
    <managed-bean-class>
      net.ensode.glassfishbook.jsfcustommess.Customer
    </managed-bean-class>
    <managed-bean-scope>request</managed-bean-scope>
  </managed-bean>

  <navigation-rule>
    <from-view-id>/customer_data_entry.jsp</from-view-id>
    <navigation-case>
      <from-outcome>save</from-outcome>
      <to-view-id>/confirmation.jsp</to-view-id>
    </navigation-case>
  </navigation-rule>

  <validator>
    <validator-id>emailValidator</validator-id>
    <validator-class>
      net.ensode.glassfishbook.jsfcustommess.EmailValidator
    </validator-class>
  </validator>
</faces-config>