<?xml version='1.0' encoding='UTF-8'?>

<!-- =========== FULL CONFIGURATION FILE ================================== -->
<faces-config version="1.2" 
    xmlns="http://java.sun.com/xml/ns/javaee" 
    xmlns:xsi="http://www.w3.org/2001/XMLSchema-instance" 
    xsi:schemaLocation="http://java.sun.com/xml/ns/javaee http://java.sun.com/xml/ns/javaee/web-facesconfig_1_2.xsd">
    <application>
        <message-bundle>
            com.ensode.visualweb.Bundle
        </message-bundle>
    </application>
    <managed-bean>
        <managed-bean-name>SessionBean1</managed-bean-name>
        <managed-bean-class>com.ensode.visualweb.SessionBean1</managed-bean-class>
        <managed-bean-scope>session</managed-bean-scope>
    </managed-bean>
    <managed-bean>
        <managed-bean-name>Page1</managed-bean-name>
        <managed-bean-class>com.ensode.visualweb.Page1</managed-bean-class>
        <managed-bean-scope>request</managed-bean-scope>
    </managed-bean>
    <managed-bean>
        <managed-bean-name>ApplicationBean1</managed-bean-name>
        <managed-bean-class>com.ensode.visualweb.ApplicationBean1</managed-bean-class>
        <managed-bean-scope>application</managed-bean-scope>
    </managed-bean>
    <managed-bean>
        <managed-bean-name>RequestBean1</managed-bean-name>
        <managed-bean-class>com.ensode.visualweb.RequestBean1</managed-bean-class>
        <managed-bean-scope>request</managed-bean-scope>
    </managed-bean>
    <managed-bean>
        <managed-bean-name>Page2</managed-bean-name>
        <managed-bean-class>com.ensode.visualweb.Page2</managed-bean-class>
        <managed-bean-scope>request</managed-bean-scope>
    </managed-bean>
    <navigation-rule>
        <from-view-id>/Page1.jsp</from-view-id>
        <navigation-case>
            <from-outcome>success</from-outcome>
            <to-view-id>/Page2.jsp</to-view-id>
        </navigation-case>
    </navigation-rule>
    <managed-bean>
        <managed-bean-name>Page3</managed-bean-name>
        <managed-bean-class>com.ensode.visualweb.Page3</managed-bean-class>
        <managed-bean-scope>request</managed-bean-scope>
    </managed-bean>
</faces-config>
