<?xml version="1.0" encoding="UTF-8"?>
<jax-ws xmlns="http://www.netbeans.org/ns/jax-ws/1">
  <services/>
  <clients>
    <client name="UnitConversionService">
      <wsdl-url>http://localhost:8080/UnitConversion/UnitConversionService?wsdl</wsdl-url>
      <local-wsdl-file>localhost_8080/UnitConversion/UnitConversionService.wsdl</local-wsdl-file>
      <package-name>com.ensode.webservices</package-name>
      <catalog-file>catalog.xml</catalog-file>
    </client>
  </clients>
  <jsr109>false</jsr109>
</jax-ws>
