<?xml version="1.0" encoding="UTF-8"?>
<!-- <!DOCTYPE presidents SYSTEM "presidents.dtd"> -->
<?xml-stylesheet type="text/xsl" href="chap9/stress.xslt"?>
<presidents>
	<president>
		<term from="1789" to="1797"/>
		<name>
			<first>George</first>
			<last>Washington</last>
		</name>
		<party>Federalist</party>
		<vicePresident>
			<name>
				<first>John</first>
				<last>Adams</last>
			</name>
		</vicePresident>
	</president>
	<president>
		<term from="1797" to="1801"/>
		<name>
			<first>John</first>
			<last>Adams</last>
		</name>
		<party>Federalist</party>
		<vicePresident>
			<name>
				<first>Thomas</first>
				<last>Jefferson</last>
			</name>
		</vicePresident>
	</president>
	<president>
		<term from="1801" to="1809"/>
		<name>
			<first>Thomas</first>
			<last>Jefferson</last>
		</name>
		<party>Democratic Republican</party>
		<vicePresident>
			<name>
				<first>Aaron</first>
				<last>Burr</last>
			</name>
		</vicePresident>
		<vicePresident>
			<name>
				<first>George</first>
				<last>Clinton</last>
			</name>
		</vicePresident>
	</president>
	<president>
		<term from="1809" to="1817"/>
		<name>
			<first>James</first>
			<last>Madison</last>
		</name>
		<party>Democratic Republican</party>
		<vicePresident>
			<name>
				<first>George</first>
				<last>Clinton</last>
			</name>
		</vicePresident>
		<vicePresident>
			<name>
				<first>Elbridge</first>
				<last>Gerry</last>
			</name>
		</vicePresident>
	</president>
	<president>
		<term from="1817" to="1825"/>
		<name>
			<first>James</first>
			<last>Monroe</last>
		</name>
		<party>Democratic Republican</party>
		<vicePresident>
			<name>
				<first>Daniel</first>
				<middle>D</middle>
				<last>Tompkins</last>
			</name>
		</vicePresident>
	</president>
	<president>
		<term from="1825" to="1829"/>
		<name>
			<first>John</first>
			<middle>Quincy</middle>
			<last>Adams</last>
		</name>
		<party>Democratic Republican</party>
		<vicePresident>
			<name>
				<first>John</first>
				<middle>C</middle>
				<last>Calhoun</last>
			</name>
		</vicePresident>
	</president>
	<president>
		<term from="1829" to="1837"/>
		<name>
			<first>Andrew</first>
			<last>Jackson</last>
		</name>
		<party>Democratic</party>
		<vicePresident>
			<name>
				<first>John</first>
				<middle>C</middle>
				<last>Calhoun</last>
			</name>
		</vicePresident>
		<vicePresident>
			<name>
				<first>Martin</first>
				<last>Van Buren</last>
			</name>
		</vicePresident>
	</president>
	<president>
		<term from="1837" to="1841"/>
		<name>
			<first>Martin</first>
			<last>Van Buren</last>
		</name>
		<party>Democratic</party>
		<vicePresident>
			<name>
				<first>Richard</first>
				<middle>M</middle>
				<last>Johnson</last>
			</name>
		</vicePresident>
	</president>
	<president>
		<term from="1841" to="1841"/>
		<name>
			<first>William</first>
			<middle>Henry</middle>
			<last>Harrison</last>
		</name>
		<party>Whig</party>
		<vicePresident>
			<name>
				<first>John</first>
				<last>Tyler</last>
			</name>
		</vicePresident>
	</president>
	<president>
		<term from="1841" to="1845"/>
		<name>
			<first>John</first>
			<last>Tyler</last>
		</name>
		<party>Whig</party>
	</president>
	<president>
		<term from="1845" to="1849"/>
		<name>
			<first>James</first>
			<last>Polk</last>
		</name>
		<party>Democratic</party>
		<vicePresident>
			<name>
				<first>George</first>
				<middle>M</middle>
				<last>Dallas</last>
			</name>
		</vicePresident>
	</president>
	<president>
		<term from="1849" to="1850"/>
		<name>
			<first>Zachary</first>
			<last>Taylor</last>
		</name>
		<party>Whig</party>
		<vicePresident>
			<name>
				<first>Millard</first>
				<last>Fillmore</last>
			</name>
		</vicePresident>
	</president>
	<president>
		<term from="1850" to="1853"/>
		<name>
			<first>Millard</first>
			<last>Fillmore</last>
		</name>
		<party>Whig</party>
	</president>
	<president>
		<term from="1853" to="1857"/>
		<name>
			<first>Franklin</first>
			<last>Pierce</last>
		</name>
		<party>Democratic</party>
		<vicePresident>
			<name>
				<first>William</first>
				<middle>R</middle>
				<last>King</last>
			</name>
		</vicePresident>
	</president>
	<president>
		<term from="1857" to="1861"/>
		<name>
			<first>James</first>
			<last>Buchanan</last>
		</name>
		<party>Democratic</party>
		<vicePresident>
			<name>
				<first>John</first>
				<middle>C</middle>
				<last>Breckinridge</last>
			</name>
		</vicePresident>
	</president>
	<president>
		<term from="1861" to="1865"/>
		<name>
			<first>Abraham</first>
			<last>Lincoln</last>
		</name>
		<party>Republican</party>
		<vicePresident>
			<name>
				<first>Hannibal</first>
				<last>Hamlin</last>
			</name>
		</vicePresident>
		<vicePresident>
			<name>
				<first>Andrew</first>
				<last>Johnson</last>
			</name>
		</vicePresident>
	</president>
	<president>
		<term from="1865" to="1869"/>
		<name>
			<first>Andrew</first>
			<last>Johnson</last>
		</name>
		<party>Democratic</party>
	</president>
	<president>
		<term from="1869" to="1877"/>
		<name>
			<first>Ulysses</first>
			<middle>Simpson</middle>
			<last>Grant</last>
		</name>
		<party>Republican</party>
		<vicePresident>
			<name>
				<first>Schuyler</first>
				<last>Colfax</last>
			</name>
		</vicePresident>
		<vicePresident>
			<name>
				<first>Henry</first>
				<last>Wilson</last>
			</name>
		</vicePresident>
	</president>
	<president>
		<term from="1877" to="1881"/>
		<name>
			<first>Rutherford</first>
			<middle>Birchard</middle>
			<last>Hayes</last>
		</name>
		<party>Republican</party>
		<vicePresident>
			<name>
				<first>William</first>
				<middle>A</middle>
				<last>Wheeler</last>
			</name>
		</vicePresident>
	</president>
	<president>
		<term from="1881" to="1881"/>
		<name>
			<first>James</first>
			<middle>Abram</middle>
			<last>Garfield</last>
		</name>
		<party>Republican</party>
		<vicePresident>
			<name>
				<first>Chester</first>
				<middle>Alan</middle>
				<last>Arthur</last>
			</name>
		</vicePresident>
	</president>
	<president>
		<term from="1881" to="1885"/>
		<name>
			<first>Chester</first>
			<middle>Alan</middle>
			<last>Arthur</last>
		</name>
		<party>Republican</party>
	</president>
	<president>
		<term from="1885" to="1889"/>
		<name>
			<first>Stephen</first>
			<middle>Grover</middle>
			<last>Cleveland</last>
			<nickname>Grover</nickname>
		</name>
		<party>Democratic</party>
		<vicePresident>
			<name>
				<first>Thomas</first>
				<last>Hendricks</last>
			</name>
		</vicePresident>
	</president>
	<president>
		<term from="1889" to="1893"/>
		<name>
			<first>Benjamin</first>
			<last>Harrison</last>
		</name>
		<party>Republican</party>
		<vicePresident>
			<name>
				<first>Levi</first>
				<middle>P</middle>
				<last>Morton</last>
			</name>
		</vicePresident>
	</president>
	<president>
		<term from="1893" to="1897"/>
		<name>
			<first>Stephen</first>
			<middle>Grover</middle>
			<last>Cleveland</last>
			<nickname>Grover</nickname>
		</name>
		<party>Democratic</party>
		<vicePresident>
			<name>
				<first>Adlai</first>
				<middle>E</middle>
				<last>Stevenson</last>
			</name>
		</vicePresident>
	</president>
	<president>
		<term from="1897" to="1901"/>
		<name>
			<first>William</first>
			<last>McKinley</last>
		</name>
		<party>Republican</party>
		<vicePresident>
			<name>
				<first>Garret</first>
				<middle>A</middle>
				<last>Hobart</last>
			</name>
		</vicePresident>
		<vicePresident>
			<name>
				<first>Theodore</first>
				<last>Roosevelt</last>
			</name>
		</vicePresident>
	</president>
	<president>
		<term from="1901" to="1909"/>
		<name>
			<first>Theodore</first>
			<last>Roosevelt</last>
			<nickname>Teddy</nickname>
		</name>
		<party>Republican</party>
		<vicePresident>
			<name>
				<first>Charles</first>
				<middle>W</middle>
				<last>Fairbanks</last>
			</name>
		</vicePresident>
	</president>
	<president>
		<term from="1909" to="1913"/>
		<name>
			<first>William</first>
			<middle>Howard</middle>
			<last>Taft</last>
		</name>
		<party>Republican</party>
		<vicePresident>
			<name>
				<first>James</first>
				<middle>S</middle>
				<last>Sherman</last>
			</name>
		</vicePresident>
	</president>
	<president>
		<term from="1913" to="1921"/>
		<name>
			<first>Thomas</first>
			<middle>Woodrow</middle>
			<last>Wilson</last>
		</name>
		<party>Democratic</party>
		<vicePresident>
			<name>
				<first>Thomas</first>
				<middle>R</middle>
				<last>Marshall</last>
			</name>
		</vicePresident>
	</president>
	<president>
		<term from="1921" to="1923"/>
		<name>
			<first>Warren</first>
			<middle>Gamaliel</middle>
			<last>Harding</last>
		</name>
		<party>Republican</party>
		<vicePresident>
			<name>
				<first>Calvin</first>
				<last>Coolidge</last>
			</name>
		</vicePresident>
	</president>
	<president>
		<term from="1923" to="1929"/>
		<name>
			<first>John</first>
			<middle>Calvin</middle>
			<last>Coolidge</last>
		</name>
		<party>Republican</party>
		<vicePresident>
			<name>
				<first>Charles</first>
				<middle>G</middle>
				<last>Dawes</last>
			</name>
		</vicePresident>
	</president>
	<president>
		<term from="1929" to="1933"/>
		<name>
			<first>Herbert</first>
			<middle>Clark</middle>
			<last>Hoover</last>
		</name>
		<party>Republican</party>
		<vicePresident>
			<name>
				<first>Charles</first>
				<last>Curtis</last>
			</name>
		</vicePresident>
	</president>
	<president>
		<term from="1933" to="1945"/>
		<name>
			<first>Franklin</first>
			<middle>Delano</middle>
			<last>Roosevelt</last>
		</name>
		<party>Democratic</party>
		<vicePresident>
			<name>
				<first>John</first>
				<middle>N</middle>
				<last>Garner</last>
			</name>
		</vicePresident>
		<vicePresident>
			<name>
				<first>Henry</first>
				<middle>A</middle>
				<last>Wallace</last>
			</name>
		</vicePresident>
		<vicePresident>
			<name>
				<first>Harry</first>
				<middle>S</middle>
				<last>Truman</last>
			</name>
		</vicePresident>
	</president>
	<president>
		<term from="1945" to="1953"/>
		<name>
			<first>Harry</first>
			<middle>S</middle>
			<last>Truman</last>
		</name>
		<party>Democratic</party>
		<vicePresident>
			<name>
				<first>Alben</first>
				<middle>W</middle>
				<last>Barkley</last>
			</name>
		</vicePresident>
	</president>
	<president>
		<term from="1953" to="1961"/>
		<name>
			<first>Dwight</first>
			<middle>David</middle>
			<last>Eisenhower</last>
		</name>
		<party>Republican</party>
		<vicePresident>
			<name>
				<first>Richard</first>
				<middle>M</middle>
				<last>Nixon</last>
			</name>
		</vicePresident>
	</president>
	<president>
		<term from="1961" to="1963"/>
		<name>
			<first>John</first>
			<middle>Fitzgerald</middle>
			<last>Kennedy</last>
			<nickname>Jack</nickname>
		</name>
		<party>Democratic</party>
		<vicePresident>
			<name>
				<first>Lyndon</first>
				<middle>Baines</middle>
				<last>Johnson</last>
			</name>
		</vicePresident>
	</president>
	<president>
		<term from="1963" to="1969"/>
		<name>
			<first>Lyndon</first>
			<middle>Baines</middle>
			<last>Johnson</last>
		</name>
		<party>Democratic</party>
		<vicePresident>
			<name>
				<first>Hubert</first>
				<last>Humphrey</last>
			</name>
		</vicePresident>
	</president>
	<president>
		<term from="1969" to="1974"/>
		<name>
			<first>Richard</first>
			<middle>Milhous</middle>
			<last>Nixon</last>
		</name>
		<party>Republican</party>
		<vicePresident>
			<name>
				<first>Spiro</first>
				<middle>T</middle>
				<last>Agnew</last>
			</name>
		</vicePresident>
		<vicePresident>
			<name>
				<first>Gerald</first>
				<middle>Rudolph</middle>
				<last>Ford</last>
			</name>
		</vicePresident>
	</president>
	<president>
		<term from="1974" to="1977"/>
		<name>
			<first>Gerald</first>
			<middle>Rudolph</middle>
			<last>Ford</last>
		</name>
		<party>Republican</party>
		<vicePresident>
			<name>
				<first>Nelson</first>
				<last>Rockefeller</last>
			</name>
		</vicePresident>
	</president>
	<president>
		<term from="1977" to="1981"/>
		<name>
			<first>James</first>
			<middle>Earl</middle>
			<last>Carter</last>
			<nickname>Jimmy</nickname>
		</name>
		<party>Democratic</party>
		<vicePresident>
			<name>
				<first>Walter</first>
				<last>Mondale</last>
			</name>
		</vicePresident>
	</president>
	<president>
		<term from="1981" to="1989"/>
		<name>
			<first>Ronald</first>
			<middle>Wilson</middle>
			<last>Reagan</last>
		</name>
		<party>Republican</party>
		<vicePresident>
			<name>
				<first>George</first>
				<last>Bush</last>
			</name>
		</vicePresident>
	</president>
	<president>
		<term from="1989" to="1993"/>
		<name>
			<first>George</first>
			<middle>Herbert</middle>
			<middle>Walker</middle>
			<last>Bush</last>
		</name>
		<party>Republican</party>
		<vicePresident>
			<name>
				<first>Dan</first>
				<last>Quayle</last>
			</name>
		</vicePresident>
	</president>
	<president>
		<term from="1993" to="2001"/>
		<name>
			<first>William</first>
			<middle>Jefferson</middle>
			<last>Clinton</last>
			<nickname>Bill</nickname>
		</name>
		<party>Democratic</party>
		<vicePresident>
			<name>
				<first>Al</first>
				<last>Gore</last>
			</name>
		</vicePresident>
	</president>
	<president>
		<term from="2001" to=""/>
		<name>
			<first>George</first>
			<middle>W</middle>
			<last>Bush</last>
		</name>
		<party>Republican</party>
		<vicePresident>
			<name>
				<first>Dick</first>
				<last>Cheney</last>
			</name>
		</vicePresident>
	</president>
</presidents>
