<?xml version="1.0" encoding="UTF-8"?>
<?xml-stylesheet type="text/xsl" href="identityTransformation.xslt"?>
<log>
	<message text="input parameter was null">
		<type>ERROR</type>
		<when>
			<year>2000</year>
			<month>01</month>
			<day>15</day>
			<hour>03</hour>
			<minute>12</minute>
			<second>18</second>
		</when>
		<where>
			<class>com.foobar.util.StringUtil</class>
			<method>reverse(String)</method>
		</where>
	</message>
	<message text="cannot read config file">
		<type>WARNING</type>
		<when>
			<year>2000</year>
			<month>01</month>
			<day>15</day>
			<hour>06</hour>
			<minute>35</minute>
			<second>44</second>
		</when>
		<where>
			<class>com.foobar.servlet.MainServlet</class>
			<method>init()</method>
		</where>
	</message>
	<message text="negative duration is not allowed">
		<type>ERROR</type>
		<when>
			<year>2000</year>
			<month>01</month>
			<day>17</day>
			<hour>10</hour>
			<minute>01</minute>
			<second>49</second>
		</when>
		<where>
			<class>com.foobar.util.DateUtil</class>
			<method>getWeek(int)</method>
		</where>
	</message>
</log>
