<?xml version="1.0" encoding="UTF-8"?>
<?xml-stylesheet type="text/xsl" href="numberFormatting.xslt"?>
<numberFormatting>
	<formatSamples>
		<!-- add more <format> elements to test more combinations-->
		<format>$#,##0.00</format>
		<format>#.#</format>
		<format>0.#</format>
		<format>0.0</format>		
		<format>0%</format>
		<format>0.0#</format>
	</formatSamples>
	<numberSamples>
		<!-- add more <number> elements to test more combinations -->
		<number>-10</number>
		<number>-1</number>
		<number>0</number>
		<number>0.000123</number>
		<number>0.1</number>
		<number>0.9</number>
		<number>0.91</number>
		<number>0.919</number>
		<number>1</number>
		<number>10</number>
		<number>100</number>
		<number>1000</number>
		<number>10000</number>
		<number>12345.12345</number>
		<number>55555.55555</number>
	</numberSamples>
</numberFormatting>
