<?xml version="1.0" encoding="UTF-8" ?>
<!DOCTYPE log4j:configuration SYSTEM "log4j.dtd">
<log4j:configuration xmlns:log4j="http://jakarta.apache.org/log4j/">

    <appender name="console" class="org.apache.log4j.ConsoleAppender">
        <param name="Target" value="System.out"/>
        <layout class="org.apache.log4j.PatternLayout">
            <param name="ConversionPattern" value="%d{HH:mm:ss,SSS MM/dd} %X{cookieId} %-5p %-35.35c{1} - %m%n"/>
        </layout>
    </appender>

    <appender name="general_appender" class="org.apache.log4j.rolling.RollingFileAppender">
        <param name="Threshold" value="debug"/>
        <rollingPolicy class="org.apache.log4j.rolling.TimeBasedRollingPolicy">
            <param name="FileNamePattern"
                   value="./target/general.%d{yyyy-MM-dd}.log"/>
        </rollingPolicy>
        <layout class="org.apache.log4j.PatternLayout">
            <param name="ConversionPattern" value="%d{HH:mm:ss,SSS MM/dd} %X{cookieId} %-5p %-35.35c{1} - %m%n"/>
        </layout>
    </appender>

    <logger name="com.baselogic">
        <level value="debug"/>
        <!--<appender-ref ref="general_appender"/>-->
        <appender-ref ref="console"/>
    </logger>

    <logger name="org.eclipse.jetty">
        <level value="info"/>
        <appender-ref ref="general_appender"/>
    </logger>

    <root>
        <priority value="debug"/>
        <!--<appender-ref ref="general_appender"/>-->
        <appender-ref ref="console"/>
    </root>

</log4j:configuration>
