<?xml version="1.0" encoding="UTF-8"?>
<?xml-stylesheet type="text/xsl" href="schedule.xslt"?>
<schedule>
	<show>
		<channel>2</channel>
		<from>06:00 AM</from>
		<to>06:30 AM</to>
		<title>Baseball</title>
	</show>
	<show>
		<channel>3</channel>
		<from>06:00 AM</from>
		<to>08:00 AM</to>
		<title>Stand up Comedy</title>
	</show>
	<show>
		<channel>4</channel>
		<from>06:00 AM</from>
		<to>06:30 AM</to>
		<title>Local Access</title>
	</show>
	<show>
		<channel>5</channel>
		<from>06:00 AM</from>
		<to>07:00 AM</to>
		<title>National News</title>
	</show>
	<show>
		<channel>2</channel>
		<from>06:30 AM</from>
		<to>08:30 AM</to>
		<title>Bowling</title>
	</show>
	<show>
		<channel>4</channel>
		<from>06:30 AM</from>
		<to>08:30 AM</to>
		<title>Bass Fishing</title>
	</show>
	<show>
		<channel>5</channel>
		<from>07:00 AM</from>
		<to>07:30 AM</to>
		<title>News of the Weird</title>
	</show>
	<show>
		<channel>5</channel>
		<from>07:30 AM</from>
		<to>09:30 AM</to>
		<title>Local News</title>
	</show>
	<show>
		<channel>3</channel>
		<from>08:00 AM</from>
		<to>10:00 AM</to>
		<title>Game Show</title>
	</show>
	<show>
		<channel>2</channel>
		<from>08:30 AM</from>
		<to>09:00 AM</to>
		<title>Stand up Comedy</title>
	</show>
	<show>
		<channel>4</channel>
		<from>08:30 AM</from>
		<to>10:00 AM</to>
		<title>Music Videos</title>
	</show>
	<show>
		<channel>2</channel>
		<from>09:00 AM</from>
		<to>11:00 AM</to>
		<title>Computer Tips</title>
	</show>
	<show>
		<channel>5</channel>
		<from>09:30 AM</from>
		<to>10:00 AM</to>
		<title>Olympic Coverage</title>
	</show>
	<show>
		<channel>3</channel>
		<from>10:00 AM</from>
		<to>11:30 AM</to>
		<title>Hockey</title>
	</show>
	<show>
		<channel>4</channel>
		<from>10:00 AM</from>
		<to>10:30 AM</to>
		<title>Bowling</title>
	</show>
	<show>
		<channel>5</channel>
		<from>10:00 AM</from>
		<to>10:30 AM</to>
		<title>Paid Programming</title>
	</show>
	<show>
		<channel>4</channel>
		<from>10:30 AM</from>
		<to>11:30 AM</to>
		<title>Football</title>
	</show>
	<show>
		<channel>5</channel>
		<from>10:30 AM</from>
		<to>11:00 AM</to>
		<title>Game Show</title>
	</show>
	<show>
		<channel>2</channel>
		<from>11:00 AM</from>
		<to>01:00 PM</to>
		<title>Football</title>
	</show>
	<show>
		<channel>5</channel>
		<from>11:00 AM</from>
		<to>12:00 PM</to>
		<title>International News</title>
	</show>
	<show>
		<channel>3</channel>
		<from>11:30 AM</from>
		<to>01:00 PM</to>
		<title>Bass Fishing</title>
	</show>
	<show>
		<channel>4</channel>
		<from>11:30 AM</from>
		<to>01:00 PM</to>
		<title>Music Videos</title>
	</show>
	<show>
		<channel>5</channel>
		<from>12:00 PM</from>
		<to>02:00 PM</to>
		<title>Movie Reviews</title>
	</show>
	<show>
		<channel>2</channel>
		<from>01:00 PM</from>
		<to>02:00 PM</to>
		<title>Game Show</title>
	</show>
	<show>
		<channel>3</channel>
		<from>01:00 PM</from>
		<to>02:30 PM</to>
		<title>Advanced Computing</title>
	</show>
	<show>
		<channel>4</channel>
		<from>01:00 PM</from>
		<to>02:30 PM</to>
		<title>Olympic Coverage</title>
	</show>
	<show>
		<channel>2</channel>
		<from>02:00 PM</from>
		<to>04:00 PM</to>
		<title>Golfing</title>
	</show>
	<show>
		<channel>5</channel>
		<from>02:00 PM</from>
		<to>04:00 PM</to>
		<title>Soap Opera</title>
	</show>
	<show>
		<channel>3</channel>
		<from>02:30 PM</from>
		<to>03:30 PM</to>
		<title>Game Show</title>
	</show>
	<show>
		<channel>4</channel>
		<from>02:30 PM</from>
		<to>03:30 PM</to>
		<title>Auto Racing</title>
	</show>
	<show>
		<channel>3</channel>
		<from>03:30 PM</from>
		<to>05:30 PM</to>
		<title>Advanced Computing</title>
	</show>
	<show>
		<channel>4</channel>
		<from>03:30 PM</from>
		<to>04:30 PM</to>
		<title>International News</title>
	</show>
	<show>
		<channel>2</channel>
		<from>04:00 PM</from>
		<to>04:30 PM</to>
		<title>Local Access</title>
	</show>
	<show>
		<channel>5</channel>
		<from>04:00 PM</from>
		<to>04:30 PM</to>
		<title>Hockey</title>
	</show>
	<show>
		<channel>2</channel>
		<from>04:30 PM</from>
		<to>05:30 PM</to>
		<title>Bowling</title>
	</show>
	<show>
		<channel>4</channel>
		<from>04:30 PM</from>
		<to>05:30 PM</to>
		<title>Travel Highlights</title>
	</show>
	<show>
		<channel>5</channel>
		<from>04:30 PM</from>
		<to>06:00 PM</to>
		<title>Music Videos</title>
	</show>
	<show>
		<channel>2</channel>
		<from>05:30 PM</from>
		<to>06:30 PM</to>
		<title>Bowling</title>
	</show>
	<show>
		<channel>3</channel>
		<from>05:30 PM</from>
		<to>07:30 PM</to>
		<title>International News</title>
	</show>
	<show>
		<channel>4</channel>
		<from>05:30 PM</from>
		<to>06:30 PM</to>
		<title>Local News</title>
	</show>
	<show>
		<channel>5</channel>
		<from>06:00 PM</from>
		<to>07:00 PM</to>
		<title>Local News</title>
	</show>
	<show>
		<channel>2</channel>
		<from>06:30 PM</from>
		<to>08:00 PM</to>
		<title>Game Show</title>
	</show>
	<show>
		<channel>4</channel>
		<from>06:30 PM</from>
		<to>07:00 PM</to>
		<title>Advanced Computing</title>
	</show>
	<show>
		<channel>4</channel>
		<from>07:00 PM</from>
		<to>08:30 PM</to>
		<title>Football</title>
	</show>
	<show>
		<channel>5</channel>
		<from>07:00 PM</from>
		<to>08:00 PM</to>
		<title>Stand up Comedy</title>
	</show>
	<show>
		<channel>3</channel>
		<from>07:30 PM</from>
		<to>08:00 PM</to>
		<title>Golfing</title>
	</show>
	<show>
		<channel>2</channel>
		<from>08:00 PM</from>
		<to>09:00 PM</to>
		<title>Local News</title>
	</show>
	<show>
		<channel>3</channel>
		<from>08:00 PM</from>
		<to>08:30 PM</to>
		<title>Music Videos</title>
	</show>
	<show>
		<channel>5</channel>
		<from>08:00 PM</from>
		<to>09:00 PM</to>
		<title>News of the Weird</title>
	</show>
	<show>
		<channel>3</channel>
		<from>08:30 PM</from>
		<to>10:00 PM</to>
		<title>News of the Weird</title>
	</show>
	<show>
		<channel>4</channel>
		<from>08:30 PM</from>
		<to>10:30 PM</to>
		<title>Bass Fishing</title>
	</show>
	<show>
		<channel>2</channel>
		<from>09:00 PM</from>
		<to>10:00 PM</to>
		<title>Football</title>
	</show>
	<show>
		<channel>5</channel>
		<from>09:00 PM</from>
		<to>09:30 PM</to>
		<title>News of the Weird</title>
	</show>
	<show>
		<channel>5</channel>
		<from>09:30 PM</from>
		<to>11:00 PM</to>
		<title>Baseball</title>
	</show>
	<show>
		<channel>2</channel>
		<from>10:00 PM</from>
		<to>11:00 PM</to>
		<title>Hockey</title>
	</show>
	<show>
		<channel>3</channel>
		<from>10:00 PM</from>
		<to>11:30 PM</to>
		<title>Game Show</title>
	</show>
	<show>
		<channel>4</channel>
		<from>10:30 PM</from>
		<to>12:30 AM</to>
		<title>Advanced Computing</title>
	</show>
	<show>
		<channel>2</channel>
		<from>11:00 PM</from>
		<to>12:00 AM</to>
		<title>Baseball</title>
	</show>
	<show>
		<channel>5</channel>
		<from>11:00 PM</from>
		<to>01:00 AM</to>
		<title>Tennis</title>
	</show>
	<show>
		<channel>3</channel>
		<from>11:30 PM</from>
		<to>01:30 AM</to>
		<title>Weather</title>
	</show>
</schedule>
