<?xml version='1.0' encoding='UTF-8'?>

<!-- =========== FULL CONFIGURATION FILE ================================== -->
<faces-config version="1.2" 
    xmlns="http://java.sun.com/xml/ns/javaee" 
    xmlns:xsi="http://www.w3.org/2001/XMLSchema-instance" 
    xsi:schemaLocation="http://java.sun.com/xml/ns/javaee http://java.sun.com/xml/ns/javaee/web-facesconfig_1_2.xsd">

    <managed-bean>
        <managed-bean-name>Customer</managed-bean-name>
        <managed-bean-class>com.ensode.jpaweb.Customer</managed-bean-class>
        <managed-bean-scope>request</managed-bean-scope>
    </managed-bean>
    <managed-bean>
        <managed-bean-name>Controller</managed-bean-name>
        <managed-bean-class>com.ensode.jpaweb.Controller</managed-bean-class>
        <managed-bean-scope>request</managed-bean-scope>
        <managed-property>
            <property-name>customerDAO</property-name>
            <property-class>com.ensode.jpaweb.CustomerDAO</property-class>
            <value>#{CustomerDAO}</value>
        </managed-property>
        <managed-property>
            <property-name>customer</property-name>
            <property-class>com.ensode.jpaweb.Customer</property-class>
            <value>#{Customer}</value>
        </managed-property>
    </managed-bean>
    <navigation-rule>
        <from-view-id>/insert_customer.jsp</from-view-id>
        <navigation-case>
            <from-outcome>success</from-outcome>
            <to-view-id>/insert_customer_confirmation.jsp</to-view-id>
        </navigation-case>
        <navigation-case>
            <from-outcome>failure</from-outcome>
            <to-view-id>/insert_customer_error.jsp</to-view-id>
        </navigation-case>
    </navigation-rule>
    <managed-bean>
        <managed-bean-name>CustomerDAO</managed-bean-name>
        <managed-bean-class>com.ensode.jpaweb.CustomerDAO</managed-bean-class>
        <managed-bean-scope>session</managed-bean-scope>
    </managed-bean>
</faces-config>
