<?xml version="1.0" encoding="UTF-8"?>
<project-private xmlns="http://www.netbeans.org/ns/project-private/1">
    <editor-bookmarks xmlns="http://www.netbeans.org/ns/editor-bookmarks/1"/>
    <open-files xmlns="http://www.netbeans.org/ns/projectui-open-files/1">
        <file>file:/home/heffel/NetBeansProjects/ch02/securedsimplewebapp/web/WEB-INF/sun-web.xml</file>
        <file>file:/home/heffel/NetBeansProjects/ch02/securedsimplewebapp/web/WEB-INF/web.xml</file>
        <file>file:/home/heffel/NetBeansProjects/ch02/securedsimplewebapp/web/admin/admin.jsp</file>
    </open-files>
</project-private>
