<?xml version='1.0' encoding='UTF-8'?>

<!-- =========== FULL CONFIGURATION FILE ================================== -->

<faces-config version="1.2" 
    xmlns="http://java.sun.com/xml/ns/javaee" 
    xmlns:xsi="http://www.w3.org/2001/XMLSchema-instance" 
    xsi:schemaLocation="http://java.sun.com/xml/ns/javaee http://java.sun.com/xml/ns/javaee/web-facesconfig_1_2.xsd">
    <managed-bean>
        <managed-bean-name>SessionBean1</managed-bean-name>
        <managed-bean-class>com.ensode.customermanagement.managedbean.SessionBean1</managed-bean-class>
        <managed-bean-scope>session</managed-bean-scope>
    </managed-bean>
    <managed-bean>
        <managed-bean-name>CustomerList</managed-bean-name>
        <managed-bean-class>com.ensode.customermanagement.managedbean.CustomerList</managed-bean-class>
        <managed-bean-scope>request</managed-bean-scope>
    </managed-bean>
    <managed-bean>
        <managed-bean-name>ApplicationBean1</managed-bean-name>
        <managed-bean-class>com.ensode.customermanagement.managedbean.ApplicationBean1</managed-bean-class>
        <managed-bean-scope>application</managed-bean-scope>
    </managed-bean>
    <managed-bean>
        <managed-bean-name>RequestBean1</managed-bean-name>
        <managed-bean-class>com.ensode.customermanagement.managedbean.RequestBean1</managed-bean-class>
        <managed-bean-scope>request</managed-bean-scope>
    </managed-bean>
    <managed-bean>
        <managed-bean-name>EditCustomer</managed-bean-name>
        <managed-bean-class>com.ensode.customermanagement.managedbean.EditCustomer</managed-bean-class>
        <managed-bean-scope>request</managed-bean-scope>
    </managed-bean>   
    <navigation-rule>
        <from-view-id>/EditCustomer.jsp</from-view-id>
        <navigation-case>
            <from-outcome>success</from-outcome>
            <to-view-id>/CustomerList.jsp</to-view-id>
        </navigation-case>
        <navigation-case>
            <from-outcome>cancel</from-outcome>
            <to-view-id>/CustomerList.jsp</to-view-id>
        </navigation-case>
    </navigation-rule>
    <navigation-rule>
        <from-view-id>/CustomerList.jsp</from-view-id>
        <navigation-case>
            <from-outcome>addNew</from-outcome>
            <to-view-id>/EditCustomer.jsp</to-view-id>
        </navigation-case>
        <navigation-case>
            <from-outcome>editCustomer</from-outcome>
            <to-view-id>/EditCustomer.jsp</to-view-id>
        </navigation-case>
    </navigation-rule>
    <managed-bean>
        <managed-bean-name>Customer</managed-bean-name>
        <managed-bean-class>com.ensode.customermanagement.entity.Customer</managed-bean-class>
        <managed-bean-scope>session</managed-bean-scope>
    </managed-bean>
</faces-config>
