<?xml version="1.0" encoding="UTF-8"?>
<?xml-stylesheet type="text/xsl" href="../xslt/home.xslt"?>
<home>
	<board id="0">
		<name>Java Programming</name>
		<description>General programming questions about Java.</description>
		<messages month="1" year="2001"/>
		<messages month="2" year="2001"/>
		<messages month="3" year="2001"/>

	</board>
	<board id="1">
		<name>XSLT Basics</name>
		<description>Writing effective XSLT stylesheets</description>
		<messages month="1" year="2001"/>
		<messages month="2" year="2001"/>
		<messages month="3" year="2001"/>
	</board>
	<board id="3">
		<name>Sample empty board</name>
		<description>This board has no messages.</description>
	</board>
</home>
