<?xml version="1.0" encoding="UTF-8"?>
<?xml-stylesheet type="text/xsl" href="../xslt/viewMonth.xslt"?>
<viewMonth month="1" year="2001">
	<board id="1">
		<name>Java Programming</name>
		<description>General programming questions about Java.</description>
	</board>
	<message id="1" day="1">
		<subject>First test message</subject>
		<authorEmail>burke_e@yahoo.com</authorEmail>
		<message id="2" day="2">
			<subject>Re: First test message</subject>
			<authorEmail>aidan@nowhere.com</authorEmail>
		</message>
	</message>
	<message id="3" day="4">
		<subject>Another test message</subject>
		<authorEmail>burke_e@yahoo.com</authorEmail>
	</message>
</viewMonth>
