<isd:service xmlns:isd="http://xml.apache.org/xml-soap/deployment"
             id="urn:cd-catalog"
>
  <isd:provider type="java"
                scope="Application"
                methods="addCD getCD list"
  >
    <isd:java class="javaxml2.CDCatalog" static="false" />
  </isd:provider>

  <isd:faultListener>org.apache.soap.server.DOMFaultListener</isd:faultListener>

  <isd:mappings>
    <isd:map encodingStyle="http://schemas.xmlsoap.org/soap/encoding/"
             xmlns:x="urn:cd-catalog-demo" qname="x:cd"
             javaType="javaxml2.CD"
             java2XMLClassName="org.apache.soap.encoding.soapenc.BeanSerializer"
             xml2JavaClassName="org.apache.soap.encoding.soapenc.BeanSerializer"/>
  </isd:mappings>
</isd:service>