<?xml version="1.0"?>

<catalog xmlns="http://www.homespuntapes.com">
  <item id="VD-DOK-GT01" level="4">
    <title>Doc's Guitar Fingerpicking and Flatpicking</title>
    <teacher>Doc Watson</teacher>
    <guest>Pete Seeger</guest>
    <guest>Mike Seeger</guest>
    <guest>Jack Lawrence</guest>
    <guest>Kirk Sutphin</guest>
    <description>Doc Watson, a true master of traditional guitar styles, teaches, 
      in detail, some of the most reue4sted fingerpicking and flatpicking tunes in
      his vast repertoire, for guitarists at all levels.</description>
  </item>
  <item id="VD-WLX-GT01" level="4">
    <title>The Guitar of David Wilcox</title>
    <teacher>David Wilcox</teacher>
    <description>Create fresh new guitar sounds with rich, ringing voicings! David
      even shows you how to invent your own tunings.</description>
  </item>
  <item id="VD-THI-MN01" level="3">
    <title>Essential Techniques for Mandolin</title>
    <teacher>Chris Thile</teacher>
    <description>Here's a lesson that will thrill and inspire mandolin players at
      all levels.</description>
  </item>
  <item id="CDZ-SM01" level="4">
    <title>Sam Bush Teaches Mandolin Repertoire and Techniques</title>
    <teacher>Sam Bush</teacher>
    <description>Learn complete solos to eight traditional and orignal tunes, each
      one jam-packed with licks, runs, and musical variations.</description>
  </item>
</catalog>