<?xml version="1.0" encoding="UTF-8"?>
<!-- <?xml-stylesheet type="text/xsl" href="attribSet.xslt"?> -->
<?xml-stylesheet type="text/xsl" href="links.xslt"?>
<library>
	<owner>
		<firstName>Eric</firstName>
		<lastName>Burke</lastName>
	</owner>
	<publisher id="oreilly">
		<name>O'Reilly</name>
		<street>101 Morris Street</street>
		<city>Sebastopol</city>
		<state>CA</state>
		<postal>95472</postal>
	</publisher>
	<book publisher="oreilly" isbn="1565927095">
		<edition>1</edition>
		<publicationDate mm="10" yy="1999"/>
		<title>XML Pocket Reference</title>
		<author>
			<firstName>Robert</firstName>
			<lastName>Eckstein</lastName>
		</author>
	</book>
	<book publisher="oreilly" isbn="0596000162">
		<edition>1</edition>
		<publicationDate mm="06" yy="2000"/>
		<title>Java and XML</title>
		<author>
			<firstName>Brett</firstName>
			<lastName>McLaughlin</lastName>
		</author>
	</book>
	<book publisher="oreilly" isbn="1565924924">
		<edition>3</edition>
		<publicationDate mm="08" yy="1998"/>
		<title>HTML: The Definitive Guide</title>
		<author>
			<firstName>Chuck</firstName>
			<lastName>Musciano</lastName>
		</author>
		<author>
			<firstName>Bill</firstName>
			<lastName>Kennedy</lastName>
		</author>
	</book>
	<book publisher="oreilly" isbn="1565924266">
		<edition>6</edition>
		<publicationDate mm="11" yy="1998"/>
		<title>Learning the vi Editor</title>
		<author>
			<firstName>Linda</firstName>
			<lastName>Lamb</lastName>
		</author>
		<author>
			<firstName>Arnold</firstName>
			<lastName>Robbins</lastName>
		</author>
	</book>
</library>
