<?xml version='1.0' encoding='UTF-8'?>

<!-- =========== FULL CONFIGURATION FILE ================================== -->

<faces-config version="1.2" 
    xmlns="http://java.sun.com/xml/ns/javaee" 
    xmlns:xsi="http://www.w3.org/2001/XMLSchema-instance" 
    xsi:schemaLocation="http://java.sun.com/xml/ns/javaee http://java.sun.com/xml/ns/javaee/web-facesconfig_1_2.xsd">
    <managed-bean>
        <managed-bean-name>address</managed-bean-name>
        <managed-bean-class>com.ensode.jsf.AddressController</managed-bean-class>
        <managed-bean-scope>session</managed-bean-scope>
    </managed-bean>
    <converter>
        <converter-for-class>com.ensode.jpa.Address</converter-for-class>
        <converter-class>com.ensode.jsf.AddressConverter</converter-class>
    </converter>
    <navigation-rule>
        <navigation-case>
            <from-outcome>address_create</from-outcome>
            <to-view-id>/address/New.jsp</to-view-id>
        </navigation-case>
    </navigation-rule>
    <navigation-rule>
        <navigation-case>
            <from-outcome>address_list</from-outcome>
            <to-view-id>/address/List.jsp</to-view-id>
        </navigation-case>
    </navigation-rule>
    <navigation-rule>
        <navigation-case>
            <from-outcome>address_edit</from-outcome>
            <to-view-id>/address/Edit.jsp</to-view-id>
        </navigation-case>
    </navigation-rule>
    <navigation-rule>
        <navigation-case>
            <from-outcome>address_detail</from-outcome>
            <to-view-id>/address/Detail.jsp</to-view-id>
        </navigation-case>
    </navigation-rule>
    <managed-bean>
        <managed-bean-name>addressType</managed-bean-name>
        <managed-bean-class>com.ensode.jsf.AddressTypeController</managed-bean-class>
        <managed-bean-scope>session</managed-bean-scope>
    </managed-bean>
    <converter>
        <converter-for-class>com.ensode.jpa.AddressType</converter-for-class>
        <converter-class>com.ensode.jsf.AddressTypeConverter</converter-class>
    </converter>
    <navigation-rule>
        <navigation-case>
            <from-outcome>addressType_create</from-outcome>
            <to-view-id>/addressType/New.jsp</to-view-id>
        </navigation-case>
    </navigation-rule>
    <navigation-rule>
        <navigation-case>
            <from-outcome>addressType_list</from-outcome>
            <to-view-id>/addressType/List.jsp</to-view-id>
        </navigation-case>
    </navigation-rule>
    <navigation-rule>
        <navigation-case>
            <from-outcome>addressType_edit</from-outcome>
            <to-view-id>/addressType/Edit.jsp</to-view-id>
        </navigation-case>
    </navigation-rule>
    <navigation-rule>
        <navigation-case>
            <from-outcome>addressType_detail</from-outcome>
            <to-view-id>/addressType/Detail.jsp</to-view-id>
        </navigation-case>
    </navigation-rule>
    <managed-bean>
        <managed-bean-name>appUser</managed-bean-name>
        <managed-bean-class>com.ensode.jsf.AppUserController</managed-bean-class>
        <managed-bean-scope>session</managed-bean-scope>
    </managed-bean>
    <converter>
        <converter-for-class>com.ensode.jpa.AppUser</converter-for-class>
        <converter-class>com.ensode.jsf.AppUserConverter</converter-class>
    </converter>
    <navigation-rule>
        <navigation-case>
            <from-outcome>appUser_create</from-outcome>
            <to-view-id>/appUser/New.jsp</to-view-id>
        </navigation-case>
    </navigation-rule>
    <navigation-rule>
        <navigation-case>
            <from-outcome>appUser_list</from-outcome>
            <to-view-id>/appUser/List.jsp</to-view-id>
        </navigation-case>
    </navigation-rule>
    <navigation-rule>
        <navigation-case>
            <from-outcome>appUser_edit</from-outcome>
            <to-view-id>/appUser/Edit.jsp</to-view-id>
        </navigation-case>
    </navigation-rule>
    <navigation-rule>
        <navigation-case>
            <from-outcome>appUser_detail</from-outcome>
            <to-view-id>/appUser/Detail.jsp</to-view-id>
        </navigation-case>
    </navigation-rule>
    <managed-bean>
        <managed-bean-name>customer</managed-bean-name>
        <managed-bean-class>com.ensode.jsf.CustomerController</managed-bean-class>
        <managed-bean-scope>session</managed-bean-scope>
    </managed-bean>
    <converter>
        <converter-for-class>com.ensode.jpa.Customer</converter-for-class>
        <converter-class>com.ensode.jsf.CustomerConverter</converter-class>
    </converter>
    <navigation-rule>
        <navigation-case>
            <from-outcome>customer_create</from-outcome>
            <to-view-id>/customer/New.jsp</to-view-id>
        </navigation-case>
    </navigation-rule>
    <navigation-rule>
        <navigation-case>
            <from-outcome>customer_list</from-outcome>
            <to-view-id>/customer/List.jsp</to-view-id>
        </navigation-case>
    </navigation-rule>
    <navigation-rule>
        <navigation-case>
            <from-outcome>customer_edit</from-outcome>
            <to-view-id>/customer/Edit.jsp</to-view-id>
        </navigation-case>
    </navigation-rule>
    <navigation-rule>
        <navigation-case>
            <from-outcome>customer_detail</from-outcome>
            <to-view-id>/customer/Detail.jsp</to-view-id>
        </navigation-case>
    </navigation-rule>
    <managed-bean>
        <managed-bean-name>customerOrder</managed-bean-name>
        <managed-bean-class>com.ensode.jsf.CustomerOrderController</managed-bean-class>
        <managed-bean-scope>session</managed-bean-scope>
    </managed-bean>
    <converter>
        <converter-for-class>com.ensode.jpa.CustomerOrder</converter-for-class>
        <converter-class>com.ensode.jsf.CustomerOrderConverter</converter-class>
    </converter>
    <navigation-rule>
        <navigation-case>
            <from-outcome>customerOrder_create</from-outcome>
            <to-view-id>/customerOrder/New.jsp</to-view-id>
        </navigation-case>
    </navigation-rule>
    <navigation-rule>
        <navigation-case>
            <from-outcome>customerOrder_list</from-outcome>
            <to-view-id>/customerOrder/List.jsp</to-view-id>
        </navigation-case>
    </navigation-rule>
    <navigation-rule>
        <navigation-case>
            <from-outcome>customerOrder_edit</from-outcome>
            <to-view-id>/customerOrder/Edit.jsp</to-view-id>
        </navigation-case>
    </navigation-rule>
    <navigation-rule>
        <navigation-case>
            <from-outcome>customerOrder_detail</from-outcome>
            <to-view-id>/customerOrder/Detail.jsp</to-view-id>
        </navigation-case>
    </navigation-rule>
    <managed-bean>
        <managed-bean-name>item</managed-bean-name>
        <managed-bean-class>com.ensode.jsf.ItemController</managed-bean-class>
        <managed-bean-scope>session</managed-bean-scope>
    </managed-bean>
    <converter>
        <converter-for-class>com.ensode.jpa.Item</converter-for-class>
        <converter-class>com.ensode.jsf.ItemConverter</converter-class>
    </converter>
    <navigation-rule>
        <navigation-case>
            <from-outcome>item_create</from-outcome>
            <to-view-id>/item/New.jsp</to-view-id>
        </navigation-case>
    </navigation-rule>
    <navigation-rule>
        <navigation-case>
            <from-outcome>item_list</from-outcome>
            <to-view-id>/item/List.jsp</to-view-id>
        </navigation-case>
    </navigation-rule>
    <navigation-rule>
        <navigation-case>
            <from-outcome>item_edit</from-outcome>
            <to-view-id>/item/Edit.jsp</to-view-id>
        </navigation-case>
    </navigation-rule>
    <navigation-rule>
        <navigation-case>
            <from-outcome>item_detail</from-outcome>
            <to-view-id>/item/Detail.jsp</to-view-id>
        </navigation-case>
    </navigation-rule>
    <managed-bean>
        <managed-bean-name>telephone</managed-bean-name>
        <managed-bean-class>com.ensode.jsf.TelephoneController</managed-bean-class>
        <managed-bean-scope>session</managed-bean-scope>
    </managed-bean>
    <converter>
        <converter-for-class>com.ensode.jpa.Telephone</converter-for-class>
        <converter-class>com.ensode.jsf.TelephoneConverter</converter-class>
    </converter>
    <navigation-rule>
        <navigation-case>
            <from-outcome>telephone_create</from-outcome>
            <to-view-id>/telephone/New.jsp</to-view-id>
        </navigation-case>
    </navigation-rule>
    <navigation-rule>
        <navigation-case>
            <from-outcome>telephone_list</from-outcome>
            <to-view-id>/telephone/List.jsp</to-view-id>
        </navigation-case>
    </navigation-rule>
    <navigation-rule>
        <navigation-case>
            <from-outcome>telephone_edit</from-outcome>
            <to-view-id>/telephone/Edit.jsp</to-view-id>
        </navigation-case>
    </navigation-rule>
    <navigation-rule>
        <navigation-case>
            <from-outcome>telephone_detail</from-outcome>
            <to-view-id>/telephone/Detail.jsp</to-view-id>
        </navigation-case>
    </navigation-rule>
    <managed-bean>
        <managed-bean-name>telephoneType</managed-bean-name>
        <managed-bean-class>com.ensode.jsf.TelephoneTypeController</managed-bean-class>
        <managed-bean-scope>session</managed-bean-scope>
    </managed-bean>
    <converter>
        <converter-for-class>com.ensode.jpa.TelephoneType</converter-for-class>
        <converter-class>com.ensode.jsf.TelephoneTypeConverter</converter-class>
    </converter>
    <navigation-rule>
        <navigation-case>
            <from-outcome>telephoneType_create</from-outcome>
            <to-view-id>/telephoneType/New.jsp</to-view-id>
        </navigation-case>
    </navigation-rule>
    <navigation-rule>
        <navigation-case>
            <from-outcome>telephoneType_list</from-outcome>
            <to-view-id>/telephoneType/List.jsp</to-view-id>
        </navigation-case>
    </navigation-rule>
    <navigation-rule>
        <navigation-case>
            <from-outcome>telephoneType_edit</from-outcome>
            <to-view-id>/telephoneType/Edit.jsp</to-view-id>
        </navigation-case>
    </navigation-rule>
    <navigation-rule>
        <navigation-case>
            <from-outcome>telephoneType_detail</from-outcome>
            <to-view-id>/telephoneType/Detail.jsp</to-view-id>
        </navigation-case>
    </navigation-rule>
    <managed-bean>
        <managed-bean-name>usState</managed-bean-name>
        <managed-bean-class>com.ensode.jsf.UsStateController</managed-bean-class>
        <managed-bean-scope>session</managed-bean-scope>
    </managed-bean>
    <converter>
        <converter-for-class>com.ensode.jpa.UsState</converter-for-class>
        <converter-class>com.ensode.jsf.UsStateConverter</converter-class>
    </converter>
    <navigation-rule>
        <navigation-case>
            <from-outcome>usState_create</from-outcome>
            <to-view-id>/usState/New.jsp</to-view-id>
        </navigation-case>
    </navigation-rule>
    <navigation-rule>
        <navigation-case>
            <from-outcome>usState_list</from-outcome>
            <to-view-id>/usState/List.jsp</to-view-id>
        </navigation-case>
    </navigation-rule>
    <navigation-rule>
        <navigation-case>
            <from-outcome>usState_edit</from-outcome>
            <to-view-id>/usState/Edit.jsp</to-view-id>
        </navigation-case>
    </navigation-rule>
    <navigation-rule>
        <navigation-case>
            <from-outcome>usState_detail</from-outcome>
            <to-view-id>/usState/Detail.jsp</to-view-id>
        </navigation-case>
    </navigation-rule>
    <managed-bean>
        <managed-bean-name>userRole</managed-bean-name>
        <managed-bean-class>com.ensode.jsf.UserRoleController</managed-bean-class>
        <managed-bean-scope>session</managed-bean-scope>
    </managed-bean>
    <converter>
        <converter-for-class>com.ensode.jpa.UserRole</converter-for-class>
        <converter-class>com.ensode.jsf.UserRoleConverter</converter-class>
    </converter>
    <navigation-rule>
        <navigation-case>
            <from-outcome>userRole_create</from-outcome>
            <to-view-id>/userRole/New.jsp</to-view-id>
        </navigation-case>
    </navigation-rule>
    <navigation-rule>
        <navigation-case>
            <from-outcome>userRole_list</from-outcome>
            <to-view-id>/userRole/List.jsp</to-view-id>
        </navigation-case>
    </navigation-rule>
    <navigation-rule>
        <navigation-case>
            <from-outcome>userRole_edit</from-outcome>
            <to-view-id>/userRole/Edit.jsp</to-view-id>
        </navigation-case>
    </navigation-rule>
    <navigation-rule>
        <navigation-case>
            <from-outcome>userRole_detail</from-outcome>
            <to-view-id>/userRole/Detail.jsp</to-view-id>
        </navigation-case>
    </navigation-rule>
    <application>
        <el-resolver>com.ensode.jsf.util.JsfCrudELResolver</el-resolver>
    </application>
    <navigation-rule>
        <navigation-case>
            <from-outcome>welcome</from-outcome>
            <to-view-id>/welcomeJSF.jsp</to-view-id>
        </navigation-case>
    </navigation-rule>
    <managed-bean>
        <managed-bean-name>addressJpa</managed-bean-name>
        <managed-bean-class>com.ensode.jpacontroller.AddressJpaController</managed-bean-class>
        <managed-bean-scope>session</managed-bean-scope>
    </managed-bean>
    <managed-bean>
        <managed-bean-name>addressTypeJpa</managed-bean-name>
        <managed-bean-class>com.ensode.jpacontroller.AddressTypeJpaController</managed-bean-class>
        <managed-bean-scope>session</managed-bean-scope>
    </managed-bean>
    <managed-bean>
        <managed-bean-name>appUserJpa</managed-bean-name>
        <managed-bean-class>com.ensode.jpacontroller.AppUserJpaController</managed-bean-class>
        <managed-bean-scope>session</managed-bean-scope>
    </managed-bean>
    <managed-bean>
        <managed-bean-name>customerJpa</managed-bean-name>
        <managed-bean-class>com.ensode.jpacontroller.CustomerJpaController</managed-bean-class>
        <managed-bean-scope>session</managed-bean-scope>
    </managed-bean>
    <managed-bean>
        <managed-bean-name>customerOrderJpa</managed-bean-name>
        <managed-bean-class>com.ensode.jpacontroller.CustomerOrderJpaController</managed-bean-class>
        <managed-bean-scope>session</managed-bean-scope>
    </managed-bean>
    <managed-bean>
        <managed-bean-name>itemJpa</managed-bean-name>
        <managed-bean-class>com.ensode.jpacontroller.ItemJpaController</managed-bean-class>
        <managed-bean-scope>session</managed-bean-scope>
    </managed-bean>
    <managed-bean>
        <managed-bean-name>telephoneJpa</managed-bean-name>
        <managed-bean-class>com.ensode.jpacontroller.TelephoneJpaController</managed-bean-class>
        <managed-bean-scope>session</managed-bean-scope>
    </managed-bean>
    <managed-bean>
        <managed-bean-name>telephoneTypeJpa</managed-bean-name>
        <managed-bean-class>com.ensode.jpacontroller.TelephoneTypeJpaController</managed-bean-class>
        <managed-bean-scope>session</managed-bean-scope>
    </managed-bean>
    <managed-bean>
        <managed-bean-name>usCity</managed-bean-name>
        <managed-bean-class>com.ensode.jsf.UsCityController</managed-bean-class>
        <managed-bean-scope>session</managed-bean-scope>
    </managed-bean>
    <managed-bean>
        <managed-bean-name>usCityJpa</managed-bean-name>
        <managed-bean-class>com.ensode.jpacontroller.UsCityJpaController</managed-bean-class>
        <managed-bean-scope>session</managed-bean-scope>
    </managed-bean>
    <converter>
        <converter-for-class>com.ensode.jpa.UsCity</converter-for-class>
        <converter-class>com.ensode.jsf.UsCityConverter</converter-class>
    </converter>
    <navigation-rule>
        <navigation-case>
            <from-outcome>usCity_create</from-outcome>
            <to-view-id>/usCity/New.jsp</to-view-id>
        </navigation-case>
    </navigation-rule>
    <navigation-rule>
        <navigation-case>
            <from-outcome>usCity_list</from-outcome>
            <to-view-id>/usCity/List.jsp</to-view-id>
        </navigation-case>
    </navigation-rule>
    <navigation-rule>
        <navigation-case>
            <from-outcome>usCity_edit</from-outcome>
            <to-view-id>/usCity/Edit.jsp</to-view-id>
        </navigation-case>
    </navigation-rule>
    <navigation-rule>
        <navigation-case>
            <from-outcome>usCity_detail</from-outcome>
            <to-view-id>/usCity/Detail.jsp</to-view-id>
        </navigation-case>
    </navigation-rule>
    <managed-bean>
        <managed-bean-name>usStateJpa</managed-bean-name>
        <managed-bean-class>com.ensode.jpacontroller.UsStateJpaController</managed-bean-class>
        <managed-bean-scope>session</managed-bean-scope>
    </managed-bean>
    <managed-bean>
        <managed-bean-name>userRoleJpa</managed-bean-name>
        <managed-bean-class>com.ensode.jpacontroller.UserRoleJpaController</managed-bean-class>
        <managed-bean-scope>session</managed-bean-scope>
    </managed-bean>
</faces-config>
