<?xml version="1.0" encoding="UTF-8"?> 
 <definitions 
 xmlns="http://schemas.xmlsoap.org/wsdl/" 
 xmlns:wsdl="http://schemas.xmlsoap.org/wsdl/" 
 xmlns:xsd="http://www.w3.org/2001/XMLSchema" 
 xmlns:soap="http://schemas.xmlsoap.org/wsdl/soap/" name="UnitConversionService" targetNamespace="http://webservices.ensode.com/" xmlns:tns="http://webservices.ensode.com/" xmlns:wsp="http://www.w3.org/ns/ws-policy" xmlns:wsu="http://docs.oasis-open.org/wss/2004/01/oasis-200401-wss-wssecurity-utility-1.0.xsd" xmlns:wsam="http://www.w3.org/2007/05/addressing/metadata" xmlns:wsrm="http://docs.oasis-open.org/ws-rx/wsrmp/200702"
 >
    <message name="inchesToCentimeters"/>
    <message name="inchesToCentimetersResponse"/>
    <message name="centimetersToInches"/>
    <message name="centimetersToInchesResponse"/>
    <portType name="UnitConversion">
        <operation name="inchesToCentimeters">
            <input message="tns:inchesToCentimeters"/>
            <output message="tns:inchesToCentimetersResponse"/>
        </operation>
        <operation name="centimetersToInches">
            <input message="tns:centimetersToInches"/>
            <output message="tns:centimetersToInchesResponse"/>
        </operation>
    </portType>
    <binding name="UnitConversionPortBinding" type="tns:UnitConversion">
        <operation name="inchesToCentimeters">
            <input/>
            <output/>
        </operation>
        <operation name="centimetersToInches">
            <input/>
            <output/>
        </operation>
    </binding>
    <service name="UnitConversionService">
        <port name="UnitConversionPort" binding="tns:UnitConversionPortBinding"/>
    </service>
</definitions>
