<?xml version="1.0" encoding="UTF-8"?>
<?xml-stylesheet type="text/xsl" href="exampleList.xslt"?>
<examples>
  <directory name="examples">
    <file name="build.xml" exampleNum="-">
      <description>Main Ant build file for all examples</description>
    </file>
    <file name="exampleList.html" exampleNum="-">
      <description>List of all examples</description>
    </file>
    <file name="README.txt" exampleNum="-">
      <description>Installation instructions</description>
    </file>
    <directory name="chapters">
      <file name="presidents.dtd" exampleNum="1-2">
        <description>DTD for presidents.xml</description>
      </file>
      <file name="presidents.xml" exampleNum="1-1">
        <description>List of presidents</description>
      </file>
      <file name="presidentsToCSV.xslt" exampleNum="-">
        <description>Converts presidents.xml to CSV format</description>
      </file>
      <directory name="chap1">
        <file name="helloWorld.xhtml" exampleNum="-">
          <description>XHTML Basics sidebar example</description>
        </file>
        <file name="library.dtd" exampleNum="-">
          <description>Validation for library.xml</description>
        </file>
        <file name="library.xml" exampleNum="1-3">
          <description>Data for a book collection</description>
        </file>
        <directory name="src">
          <directory name="chap1">
            <file name="Book.java" exampleNum="-">
              <description>Represents a book in a library</description>
            </file>
            <file name="JdomToDom.java" exampleNum="-">
              <description>One way to convert a JDOM tree to DOM</description>
            </file>
            <file name="Library.java" exampleNum="-">
              <description>Represents a library</description>
            </file>
            <file name="LibraryDOMCreator.java" exampleNum="1-4">
              <description>XML generation using DOM</description>
            </file>
            <file name="LibraryJDOMCreator.java" exampleNum="1-5">
              <description>XML generation using JDOM</description>
            </file>
            <file name="Publisher.java" exampleNum="-">
              <description>Represents a publisher</description>
            </file>
          </directory>
        </directory>
      </directory>
      <directory name="chap2">
        <file name="attribSet.xslt" exampleNum="-">
          <description>Example of &lt;xsl:attribute-set&gt;</description>
        </file>
        <file name="discussionForumHome.xml" exampleNum="2-1">
          <description>Prototype home page</description>
        </file>
        <file name="discussionForumHome.xslt" exampleNum="2-2">
          <description>Prototype home page stylesheet</description>
        </file>
        <file name="library.xml" exampleNum="-">
          <description>Used with links.xslt</description>
        </file>
        <file name="links.xslt" exampleNum="-">
          <description>Shows Attribute Value Templates</description>
        </file>
        <file name="schedule.xml" exampleNum="2-5">
          <description>Personal schedule/appointments</description>
        </file>
        <file name="schedule.xslt" exampleNum="2-6">
          <description>Display the schedule as XHTML</description>
        </file>
        <file name="skeleton.xslt" exampleNum="2-4">
          <description>Skeleton XSLT stylesheet</description>
        </file>
        <file name="sorting.xslt" exampleNum="2-9">
          <description>Looping and sorting examples</description>
        </file>
        <file name="xpathExamples.xslt" exampleNum="2-8">
          <description>Example XPath location paths</description>
        </file>
      </directory>
      <directory name="chap3">
        <file name="choose.xslt" exampleNum="3-2">
          <description>Example of &lt;xsl:choose&gt;</description>
        </file>
        <file name="conditional.xslt" exampleNum="3-1">
          <description>&lt;xsl:if&gt; examples</description>
        </file>
        <file name="familyTree.xml" exampleNum="3-4">
          <description>A family tree example</description>
        </file>
        <file name="familyTree.xslt" exampleNum="3-5">
          <description>Stylesheet for familyTree.xml</description>
        </file>
        <file name="identityTransformation.xslt" exampleNum="3-11">
          <description>Identity transformation stylesheet</description>
        </file>
        <file name="includeDemo.xslt" exampleNum="-">
          <description>Shows how to use &lt;xsl:include&gt; 
					             and &lt;xsl:import&gt;</description>
        </file>
        <file name="log.xml" exampleNum="3-10">
          <description>Log file before transformation</description>
        </file>
        <file name="modes.xslt" exampleNum="3-6">
          <description>Using template modes</description>
        </file>
        <file name="namedTemplate.xslt" exampleNum="3-3">
          <description>Calling a named template</description>
        </file>
        <file name="nameFormatting.xslt" exampleNum="3-7">
          <description>String formatting functions</description>
        </file>
        <file name="numberFormatting.xml" exampleNum="3-8">
          <description>Sample data to demonstrate number formatting</description>
        </file>
        <file name="numberFormatting.xslt" exampleNum="3-9">
          <description>Number formatting functions</description>
        </file>
        <file name="pageElements.xslt" exampleNum="-">
          <description>Used with includeDemo.xslt</description>
        </file>
        <file name="schemaChange.xslt" exampleNum="-">
          <description>Used with Example 3-10</description>
        </file>
        <file name="stringFunctions.xml" exampleNum="-">
          <description>Various XPath string functions</description>
        </file>
        <file name="stringFunctions.xslt" exampleNum="-">
          <description>Various XPath string functions</description>
        </file>
        <file name="team.xml" exampleNum="-">
          <description>Used with Example 3-3</description>
        </file>
        <directory name="antdoc">
          <file name="antBuild.xml" exampleNum="-">
            <description>Sample Ant build file from Ant itself</description>
          </file>
          <file name="antdoc.xslt" exampleNum="3-14">
            <description>XSLT stylesheet to format Ant build files</description>
          </file>
          <file name="tomcatBuild.xml" exampleNum="-">
            <description>Sample Ant build file from Tomcat</description>
          </file>
        </directory>
      </directory>
      <directory name="chap4">
        <file name="web.xml" exampleNum="-">
          <description>Deployment descriptor for the chap4 web app</description>
        </file>
        <directory name="docroot">
          <file name="index.html" exampleNum="-">
            <description>Home page for the chap4 web app</description>
          </file>
          <file name="schedule.jsp" exampleNum="4-2">
            <description>Generates a TV schedule using JSP</description>
          </file>
          <file name="schedule.xml" exampleNum="4-5">
            <description>XML for schedule web page</description>
          </file>
          <file name="schedule.xslt" exampleNum="4-6">
            <description>Generates the schedule HTML web page</description>
          </file>
        </directory>
        <directory name="src">
          <directory name="chap4">
            <file name="Schedule.java" exampleNum="-">
              <description>Java class representing the schedule</description>
            </file>
            <file name="ScheduleJDOM.java" exampleNum="4-4">
              <description>Produces a JDOM Document representing a TV schedule</description>
            </file>
            <file name="ScheduleServlet.java" exampleNum="4-1">
              <description>Generates a TV schedule using println() statements</description>
            </file>
            <file name="Show.java" exampleNum="-">
              <description>Helper class representing an individual TV show</description>
            </file>
          </directory>
        </directory>
      </directory>
      <directory name="chap5">
        <file name="csvToHTMLTable.xslt" exampleNum="5-9">
          <description>Converts a CSV file to an HTML table</description>
        </file>
        <file name="presidents.csv" exampleNum="-">
          <description>US presidents in CSV format</description>
        </file>
        <file name="simple.xml" exampleNum="-">
          <description>A simple XML test</description>
        </file>
        <file name="simple.xslt" exampleNum="-">
          <description>A simple XSLT test</description>
        </file>
        <file name="stylesheetParameter.xml" exampleNum="-">
          <description>Shows how to pass a parameter from Java</description>
        </file>
        <file name="stylesheetParameter.xslt" exampleNum="-">
          <description>Shows how to pass a parameter from Java</description>
        </file>
        <directory name="images">
          <file name="sample.gif" exampleNum="-">
            <description>Used with the parameter example</description>
          </file>
        </directory>
        <directory name="src">
          <directory name="chap5">
            <file name="JaxpParameter.java" exampleNum="-">
              <description>Shows how to pass an XSLT parameter using Java</description>
            </file>
            <file name="SimpleJaxp.java" exampleNum="5-3">
              <description>Using JAXP 1.1</description>
            </file>
            <file name="SimpleSaxon.java" exampleNum="5-2">
              <description>Using SAXON 5.5.1</description>
            </file>
            <file name="SimpleXalan1.java" exampleNum="5-1">
              <description>Using Xalan 1</description>
            </file>
            <file name="Streams.java" exampleNum="5-4">
              <description>JAXP StreamSource and StreamResult</description>
            </file>
          </directory>
        </directory>
      </directory>
      <directory name="chap6">
        <file name="web.xml" exampleNum="6-2">
          <description>Deployment descriptor for splash screen web app</description>
        </file>
        <directory name="docroot">
          <file name="index.html" exampleNum="-">
            <description>Home page for the chap6 web app</description>
          </file>
        </directory>
        <directory name="src">
          <directory name="chap6">
            <file name="PersonalData.java" exampleNum="6-6">
              <description>A Java data helper class</description>
            </file>
            <file name="PersonalDataCachedServlet.java" exampleNum="6-10">
              <description>Modified version of PersonalDataServlet</description>
            </file>
            <file name="PersonalDataServlet.java" exampleNum="6-8">
              <description>Servlet that displays the two personal data screens</description>
            </file>
            <file name="PersonalDataXML.java" exampleNum="6-7">
              <description>Converts PersonalData into XML using DOM</description>
            </file>
            <file name="SplashScreenServlet.java" exampleNum="6-1">
              <description>Shows a splash screen</description>
            </file>
          </directory>
        </directory>
        <directory name="xslt">
          <file name="confirmPersonalData.xslt" exampleNum="6-5">
            <description>Generates the "Confirm Personal Data" page</description>
          </file>
          <file name="editPersonalData.xslt" exampleNum="6-4">
            <description>Generates the "Edit Personal Data" page</description>
          </file>
          <file name="sample.xml" exampleNum="6-3">
            <description>Example XML data</description>
          </file>
        </directory>
      </directory>
      <directory name="chap8">
        <file name="web.xml" exampleNum="8-3">
          <description>Deployment descriptor for the chap8 web app</description>
        </file>
        <directory name="dependentobject">
          <file name="Address.java" exampleNum="8-13">
            <description>Sample dependent object</description>
          </file>
          <file name="addressDO.xml" exampleNum="8-14">
            <description>Data representing an address</description>
          </file>
          <file name="dependentObject.xslt" exampleNum="8-15">
            <description>Rudimentary XSLT code generator</description>
          </file>
        </directory>
        <directory name="docroot">
          <file name="company.xml" exampleNum="-">
            <description>Used to test servlet filters</description>
          </file>
          <file name="home.xml" exampleNum="-">
            <description>Used to test servlet filters</description>
          </file>
          <file name="i18n.html" exampleNum="-">
            <description>Used to test servlet filters</description>
          </file>
          <file name="index.html" exampleNum="-">
            <description>Used to test servlet filters</description>
          </file>
          <file name="jobs.xml" exampleNum="-">
            <description>Used to test servlet filters</description>
          </file>
          <file name="products.xml" exampleNum="-">
            <description>Used to test servlet filters</description>
          </file>
        </directory>
        <directory name="i18n">
          <file name="directory.xml" exampleNum="8-16">
            <description>XML data file</description>
          </file>
          <file name="directory_basic.xslt" exampleNum="8-17">
            <description>XSLT stylesheet logic shared by English and Spanish</description>
          </file>
          <file name="directory_en.xslt" exampleNum="8-18">
            <description>English stylesheet</description>
          </file>
          <file name="directory_es.xslt" exampleNum="8-19">
            <description>Spanish stylesheet</description>
          </file>
        </directory>
        <directory name="src">
          <directory name="chap8">
            <file name="LanguageDemo.java" exampleNum="8-24">
              <description>An internationalized servlet</description>
            </file>
            <file name="Mailbox.java" exampleNum="-">
              <description>Demonstrates session tracking</description>
            </file>
            <file name="MailboxDOMProducer.java" exampleNum="-">
              <description>Demonstrates session tracking</description>
            </file>
            <file name="MailboxFactory.java" exampleNum="-">
              <description>Demonstrates session tracking</description>
            </file>
            <file name="MailboxServlet.java" exampleNum="-">
              <description>Demonstrates session tracking</description>
            </file>
            <file name="MailFolder.java" exampleNum="-">
              <description>Demonstrates session tracking</description>
            </file>
            <file name="MessageHeader.java" exampleNum="-">
              <description>Demonstrates session tracking</description>
            </file>
            <file name="TemplateServlet.java" exampleNum="8-4">
              <description>Drives the XSLT transformation</description>
            </file>
          </directory>
        </directory>
        <directory name="webinf">
          <directory name="xml">
            <file name="company.xml" exampleNum="-">
              <description>Used to test TemplateServlet</description>
            </file>
            <file name="exampleMailbox.xml" exampleNum="-">
              <description>Used to test TemplateServlet</description>
            </file>
            <file name="home.xml" exampleNum="8-1">
              <description>Used to test TemplateServlet</description>
            </file>
            <file name="jobs.xml" exampleNum="-">
              <description>Used to test TemplateServlet</description>
            </file>
            <file name="numbers_chinese.xml" exampleNum="-">
              <description>Chinese XML data file</description>
            </file>
            <file name="numbers_english.xml" exampleNum="8-21">
              <description>English XML data file</description>
            </file>
            <file name="numbers_spanish.xml" exampleNum="8-20">
              <description>Spanish XML data file</description>
            </file>
            <file name="products.xml" exampleNum="-">
              <description>Used to test TemplateServlet</description>
            </file>
          </directory>
          <directory name="xslt">
            <file name="mailbox.xslt" exampleNum="-">
              <description>Used to test session tracking</description>
            </file>
            <file name="numbers_chinese.xslt" exampleNum="-">
              <description>Chinese stylesheet</description>
            </file>
            <file name="numbers_english.xslt" exampleNum="-">
              <description>English stylesheet</description>
            </file>
            <file name="numbers_spanish.xslt" exampleNum="8-22">
              <description>Spanish stylesheet</description>
            </file>
            <file name="shopping.xslt" exampleNum="-">
              <description>Used to demonstrate session tracking</description>
            </file>
            <file name="templatePage.xslt" exampleNum="8-2">
              <description>Generates page header and navigation bar</description>
            </file>
          </directory>
        </directory>
      </directory>
      <directory name="chap9">
        <file name="aidan.xml" exampleNum="9-5">
          <description>Simple test to show how JUnit works.</description>
        </file>
        <file name="aidanCondensed.xml" exampleNum="9-7">
          <description>Output from example 9-5 after applying condensePerson.xslt.</description>
        </file>
        <file name="build.xml" exampleNum="9-4">
          <description>Sample Ant buildfile.</description>
        </file>
        <file name="condensed.dtd" exampleNum="9-8">
          <description>A trivial DTD used for unit testing.</description>
        </file>
        <file name="condensePerson.xslt" exampleNum="9-6">
          <description>Transforms an XML file into a more concise format.</description>
        </file>
        <file name="john.xml" exampleNum="-">
          <description>Another sample XML file used by the unit test.</description>
        </file>
        <file name="johnCondensed.xml" exampleNum="-">
          <description>A condensed version of john.xml.</description>
        </file>
        <file name="test.properties" exampleNum="-">
          <description>Configures the unit test.</description>
        </file>
        <directory name="src">
          <directory name="chap9">
            <file name="SampleUnitTest.java" exampleNum="9-9">
              <description>An example JUnit test.</description>
            </file>
          </directory>
        </directory>
      </directory>
      <directory name="chap10">
        <file name="web.xml" exampleNum="10-3">
          <description>Deployment descriptor.</description>
        </file>
        <directory name="docroot">
          <file name="index.xhtml" exampleNum="-">
            <description>XHTML home page for movie theater example.</description>
          </file>
        </directory>
        <directory name="sample_requests">
          <file name="sample_request_ericsson_R320s.txt" exampleNum="-">
            <description>Example HTTP request from a phone simulator.</description>
          </file>
          <file name="sample_request_ericsson_R380s.txt" exampleNum="-">
            <description>Example HTTP request from a phone simulator.</description>
          </file>
          <file name="sample_request_ericsson_R520m.txt" exampleNum="-">
            <description>Example HTTP request from a phone simulator.</description>
          </file>
          <file name="sample_request_motorola_simulator.txt" exampleNum="-">
            <description>Example HTTP request from a phone simulator.</description>
          </file>
          <file name="sample_request_nokia_6210.txt" exampleNum="-">
            <description>Example HTTP request from a phone simulator.</description>
          </file>
          <file name="sample_request_nokia_7110.txt" exampleNum="-">
            <description>Example HTTP request from a phone simulator.</description>
          </file>
          <file name="sample_request_nokia_blueprint.txt" exampleNum="-">
            <description>Example HTTP request from a phone simulator.</description>
          </file>
          <file name="sample_request_openwave_4.1.2.txt" exampleNum="-">
            <description>Example HTTP request from a phone simulator.</description>
          </file>
        </directory>
        <directory name="src">
          <directory name="chap10">
            <file name="MovieServlet.java" exampleNum="10-9">
              <description>Servlet that drives the WML example.</description>
            </file>
          </directory>
        </directory>
        <directory name="webinf">
          <directory name="xml">
            <file name="movies.dtd" exampleNum="10-4">
              <description>DTD for movie theater example.</description>
            </file>
            <file name="movies.xml" exampleNum="10-5">
              <description>Movie theater data.</description>
            </file>
          </directory>
          <directory name="xslt">
            <directory name="wml">
              <file name="home.xslt" exampleNum="10-10">
                <description>XSLT for the home page.</description>
              </file>
              <file name="showtimes.xslt" exampleNum="10-12">
                <description>Lists showtimes for a particular theater.</description>
              </file>
              <file name="theaters.xslt" exampleNum="10-11">
                <description>Creates a list of theaters in a city.</description>
              </file>
            </directory>
            <directory name="xhtml">
              <file name="home.xslt" exampleNum="-">
                <description>Creates the XHTML version of the home page.</description>
              </file>
              <file name="showtimes.xslt" exampleNum="-">
                <description>Creates the XHTML version of the showtimes page.</description>
              </file>
              <file name="theaters.xslt" exampleNum="-">
                <description>Creates the XHTML version of the movie theater page.</description>
              </file>
            </directory>
          </directory>
        </directory>
        <directory name="wml_prototypes">
          <file name="cities.wml" exampleNum="10-6">
            <description>WML home page; displays list of cities.</description>
          </file>
          <file name="example_output_cities.wml" exampleNum="-">
            <description>Sample output from a transformation.</description>
          </file>
          <file name="example_output_showtimes.wml" exampleNum="-">
            <description>Sample output from a transformation.</description>
          </file>
          <file name="example_output_theaters.wml" exampleNum="-">
            <description>Sample output from a transformation.</description>
          </file>
          <file name="helloworld.wml" exampleNum="-">
            <description>A simple WML example.</description>
          </file>
          <file name="stl_theaters.wml" exampleNum="10-7">
            <description>Movie theaters in St. Louis.</description>
          </file>
          <file name="st_charles18.wml" exampleNum="10-8">
            <description>Showtimes for a specific theater.</description>
          </file>
        </directory>
      </directory>
    </directory>
    <directory name="common">
      <directory name="src">
        <directory name="com">
          <directory name="oreilly">
            <directory name="javaxslt">
              <directory name="swingtrans">
                <file name="ErrorListenerModel.java" exampleNum="9-10">
                  <description>Swing table model to display JAXP errors.</description>
                </file>
                <file name="SwingTransformer.java" exampleNum="9-11">
                  <description>Entry point into the Swing XSLT transformer app.</description>
                </file>
                <file name="TransformerWindow.java" exampleNum="9-12">
                  <description>Shows the result of an XSLT transformation.</description>
                </file>
                <file name="XMLOutputPanel.java" exampleNum="9-13">
                  <description>Shows XML output in a scrolling text area.</description>
                </file>
              </directory>
              <directory name="util">
                <file name="AbstractXMLReader.java" exampleNum="5-5">
                  <description>Custom SAX reader</description>
                </file>
                <file name="BufferedHttpResponseWrapper.java" exampleNum="8-10">
                  <description>Captures output, used with a response filter</description>
                </file>
                <file name="BufferedServletOutputStream.java" exampleNum="8-9">
                  <description>Captures output, used with a response filter</description>
                </file>
                <file name="CSVXMLReader.java" exampleNum="5-7">
                  <description>CSV file parser</description>
                </file>
                <file name="DOMUtil.java" exampleNum="-">
                  <description>Misc DOM utilities.</description>
                </file>
                <file name="ResultCache.java" exampleNum="9-15">
                  <description>Caches a transformation result.</description>
                </file>
                <file name="SimpleCSVProcessor.java" exampleNum="5-8">
                  <description>CSV file parser</description>
                </file>
                <file name="Stopwatch.java" exampleNum="-">
                  <description>Utility class for performance metrics.</description>
                </file>
                <file name="StylesheetCache.java" exampleNum="5-10">
                  <description>XSLT stylesheet cache</description>
                </file>
                <file name="StylesheetFilter.java" exampleNum="8-11">
                  <description>Servlet filter for XSLT transformations</description>
                </file>
              </directory>
            </directory>
          </directory>
        </directory>
      </directory>
    </directory>
    <directory name="discussion">
      <file name="forum.mdb" exampleNum="-">
        <description>MS Access database for the discussion forum.</description>
      </file>
      <file name="web.xml" exampleNum="7-39">
        <description>Deployment descriptor.</description>
      </file>
      <directory name="design">
        <file name="mysql_forum_dump.txt" exampleNum="7-17">
          <description>MySQL database contents.</description>
        </file>
      </directory>
      <directory name="docroot">
        <file name="forum.css" exampleNum="7-1">
          <description>CSS file used by all pages on the discussion forum.</description>
        </file>
        <file name="index.html" exampleNum="-">
          <description>The home page for the forum web app.</description>
        </file>
      </directory>
      <directory name="prototype">
        <file name="home.xhtml" exampleNum="7-2">
          <description>Forum home page.</description>
        </file>
        <file name="home.xml" exampleNum="7-3">
          <description>Home page XML data.</description>
        </file>
        <file name="javaprog_jan2001.xhtml" exampleNum="-">
          <description>-</description>
        </file>
        <file name="postMsg.xhtml" exampleNum="-">
          <description>-</description>
        </file>
        <file name="postMsg.xml" exampleNum="7-5">
          <description>Prototype XML for posting a message.</description>
        </file>
        <file name="replyToMsg.xhtml" exampleNum="-">
          <description>-</description>
        </file>
        <file name="viewMonth.xml" exampleNum="7-4">
          <description>Prototype XML to view a month of messages.</description>
        </file>
        <file name="viewMsg.xhtml" exampleNum="7-6">
          <description>Prototype XML for viewing a message.</description>
        </file>
        <file name="viewMsg.xml" exampleNum="-">
          <description>-</description>
        </file>
      </directory>
      <directory name="src">
        <directory name="com">
          <directory name="oreilly">
            <directory name="forum">
              <file name="ForumConfig.java" exampleNum="7-15">
                <description>Constants and configuration information for the app.</description>
              </file>
              <directory name="adapter">
                <file name="DataAdapter.java" exampleNum="7-16">
                  <description>Abstraction around a database.</description>
                </file>
                <file name="DataException.java" exampleNum="-">
                  <description>-</description>
                </file>
              </directory>
              <directory name="domain">
                <file name="BoardSummary.java" exampleNum="-">
                  <description>-</description>
                </file>
                <file name="BoardSummaryImpl.java" exampleNum="-">
                  <description>-</description>
                </file>
                <file name="DateUtil.java" exampleNum="-">
                  <description>-</description>
                </file>
                <file name="DayMonthYear.java" exampleNum="-">
                  <description>-</description>
                </file>
                <file name="Message.java" exampleNum="7-13">
                  <description>Java class representing a message.</description>
                </file>
                <file name="MessageImpl.java" exampleNum="-">
                  <description>-</description>
                </file>
                <file name="MessageSummary.java" exampleNum="7-12">
                  <description>Java class representing a message summary.</description>
                </file>
                <file name="MessageSummaryImpl.java" exampleNum="-">
                  <description>-</description>
                </file>
                <file name="MessageTree.java" exampleNum="7-14">
                  <description>Java class that organizes messages into a tree data structure.</description>
                </file>
                <file name="MonthYear.java" exampleNum="-">
                  <description>-</description>
                </file>
              </directory>
              <directory name="fakeimpl">
                <file name="BoardSummaryImpl.java" exampleNum="-">
                  <description>-</description>
                </file>
                <file name="FakeDataAdapter.java" exampleNum="-">
                  <description>-</description>
                </file>
              </directory>
              <directory name="jdbcimpl">
                <file name="DBUtil.java" exampleNum="7-18">
                  <description>JDBC utility functions.</description>
                </file>
                <file name="JdbcDataAdapter.java" exampleNum="7-19">
                  <description>JDBC implementation of the back-end data source.</description>
                </file>
              </directory>
              <directory name="servlet">
                <file name="ErrorRenderer.java" exampleNum="7-28">
                  <description>Shows error messages.</description>
                </file>
                <file name="ForumServlet.java" exampleNum="7-25">
                  <description>The single servlet used in the discussion forum.</description>
                </file>
                <file name="HomeRenderer.java" exampleNum="7-32">
                  <description>Renders the home page.</description>
                </file>
                <file name="HomeReqHandler.java" exampleNum="7-31">
                  <description>Handles requests on the home page.</description>
                </file>
                <file name="PostMsgRenderer.java" exampleNum="7-38">
                  <description>Shows the post message page.</description>
                </file>
                <file name="PostMsgReqHandler.java" exampleNum="7-37">
                  <description>Handles a request to post a message.</description>
                </file>
                <file name="Renderer.java" exampleNum="7-27">
                  <description>Base class for page renderers.</description>
                </file>
                <file name="ReqHandler.java" exampleNum="7-26">
                  <description>Request handler base class.</description>
                </file>
                <file name="ReqHandlerRegistry.java" exampleNum="7-30">
                  <description>Locates the appropriate request handler for an inbound request.</description>
                </file>
                <file name="ViewMonthRenderer.java" exampleNum="7-34">
                  <description>Displays messages for a given month in a given board.</description>
                </file>
                <file name="ViewMonthReqHandler.java" exampleNum="7-33">
                  <description>Handles requests from the view month page.</description>
                </file>
                <file name="ViewMsgRenderer.java" exampleNum="7-36">
                  <description>Displays a web page for a message.</description>
                </file>
                <file name="ViewMsgReqHandler.java" exampleNum="7-35">
                  <description>Handles requests to view messages.</description>
                </file>
                <file name="XSLTRenderHelper.java" exampleNum="7-29">
                  <description>Does the actual XSLT transformations.</description>
                </file>
              </directory>
              <directory name="xml">
                <file name="BoardSummaryJDOM.java" exampleNum="7-23">
                  <description>Produces XML for the board summary page.</description>
                </file>
                <file name="HomeJDOM.java" exampleNum="7-20">
                  <description>Produces XML for the home page.</description>
                </file>
                <file name="PostMessageJDOM.java" exampleNum="7-24">
                  <description>Produces XML for posting a new message.</description>
                </file>
                <file name="ViewMessageJDOM.java" exampleNum="7-22">
                  <description>Produces XML for a message view.</description>
                </file>
                <file name="ViewMonthJDOM.java" exampleNum="7-21">
                  <description>Produces XML for a monthly view.</description>
                </file>
              </directory>
            </directory>
          </directory>
        </directory>
      </directory>
      <directory name="xslt">
        <file name="home.xslt" exampleNum="7-7">
          <description>Home page XSLT stylesheet.</description>
        </file>
        <file name="postMsg.xslt" exampleNum="7-10">
          <description>XSLT for the post/reply message page.</description>
        </file>
        <file name="utils.xslt" exampleNum="7-8">
          <description>Reusable utility functions.</description>
        </file>
        <file name="viewMonth.xslt" exampleNum="7-9">
          <description>XSLT for the view month page.</description>
        </file>
        <file name="viewMsg.xslt" exampleNum="-">
          <description>-</description>
        </file>
      </directory>
    </directory>
    <directory name="lib">
      <file name="crimson_1.1.jar" exampleNum="-">
        <description>Apache's Crimson XML parser</description>
      </file>
      <file name="jaxp_1.1.jar" exampleNum="-">
        <description>Sun's Java API for XML Processing</description>
      </file>
      <file name="jdom_beta6.jar" exampleNum="-">
        <description>JDOM</description>
      </file>
      <file name="junit_3.7.jar" exampleNum="-">
        <description>JUnit</description>
      </file>
      <file name="mm.mysql-2.0.4-bin.jar" exampleNum="-">
        <description>MySQL JDBC Driver</description>
      </file>
      <file name="README.txt" exampleNum="-">
        <description>Overview of the distribution.</description>
      </file>
      <file name="servlet_2.3.jar" exampleNum="-">
        <description>Sun's Servlet API</description>
      </file>
      <file name="xalan_2.1.jar" exampleNum="-">
        <description>Xalan XSLT processor</description>
      </file>
    </directory>
  </directory>
</examples>
