<?xml version="1.0"?>
<!DOCTYPE book SYSTEM "DTD/JavaXML.dtd">
<!-- Java and XML Contents -->
<book xmlns="http://www.oreilly.com/javaxml2" xmlns:ora="http://www.oreilly.com" xmlns:xsi="http://www.w3.org/2001/XMLSchema-instance" xsi:schemaLocation="http://www.oreilly.com/javaxml2 XSD/contents.xsd 
                          http://www.oreilly.com XSD/contents-ora.xsd">
	<title ora:series="Java">Java and XML</title>
	<!-- Chapter List -->
	<contents>
		<chapter title="Introduction" number="1">
			<topic name="XML Matters"/>
			<topic name="What's Important"/>
			<topic name="The Essentials"/>
			<topic name="What&apos;s Next?"/>
		</chapter>
		<chapter title="Nuts and Bolts" number="2">
			<topic name="The Basics"/>
			<topic name="Constraints"/>
			<topic name="Transformations"/>
			<topic name="And More..."/>
			<topic name="What&apos;s Next?"/>
		</chapter>
		<chapter title="SAX" number="3">
			<topic name="Getting Prepared"/>
			<topic name="SAX Readers"/>
			<topic name="Content Handlers"/>
			<topic name="Gotcha!"/>
			<topic name="What&apos;s Next?"/>
		</chapter>
		<chapter title="Advanced SAX" number="4">
			<topic name="Properties and Features"/>
			<topic name="More Handlers"/>
			<topic name="Filters and Writers"/>
			<topic name="Even More Handlers"/>
			<topic name="Gotcha!"/>
			<topic name="What&apos;s Next?"/>
		</chapter>
		<chapter title="DOM" number="5">
			<topic name="The Document Object Model"/>
			<topic name="Serialization"/>
			<topic name="Mutability"/>
			<topic name="Gotcha!"/>
			<topic name="What&apos;s Next?"/>
		</chapter>
		<chapter title="Advanced DOM" number="6">
			<topic name="DOM and Mutation"/>
			<topic name="Namespaces and DOM Level 2"/>
			<topic name="DOM and HTML"/>
			<topic name="DOM Level 3"/>
			<topic name="Gotcha!"/>
			<topic name="What&apos;s Next?"/>
		</chapter>
		<chapter title="JDOM" number="7">
			<topic name="The Basics"/>
			<topic name="PropsToXML"/>
			<topic name="XMLProperties"/>
			<topic name="Is JDOM a Standard?"/>
			<topic name="Gotcha!"/>
			<topic name="What&apos;s Next?"/>
		</chapter>
		<chapter title="Advanced JDOM" number="8">
			<topic name="The Whole Ball of Wax"/>
			<topic name="JDOM and Factories"/>
			<topic name="Wrappers and Decorators"/>
			<topic name="Gotcha!"/>
			<topic name="What&apos;s Next?"/>
		</chapter>
		<chapter title="JAXP" number="9">
			<topic name="API or Abstraction?"/>
			<topic name="JAXP 1.0"/>
			<topic name="JAXP 1.1"/>
			<topic name="Gotcha!"/>
			<topic name="What&apos;s Next?"/>
		</chapter>
		<chapter title="Web Publishing Frameworks" number="10">
			<topic name="Selecting a Framework"/>
			<topic name="Installation"/>
			<topic name="Using a Publishing Framework"/>
			<topic name="XSP"/>
			<topic name="Cocoon 2.0 and Beyond"/>
			<topic name="What&apos;s Next?"/>
		</chapter>
		<chapter title="XML-RPC" number="11">
			<topic name="RPC Versus RMI"/>
			<topic name="Saying Hello"/>
			<topic name="The Real World"/>
			<topic name="What&apos;s Next?"/>
		</chapter>
		<chapter title="SOAP" number="12">
			<topic name="Starting Out"/>
			<topic name="Setting Up"/>
			<topic name="Getting Dirty"/>
			<topic name="Going Further"/>
			<topic name="What&apos;s Next?"/>
		</chapter>
		<chapter title="Web Services" number="13">
			<topic name="Web Services"/>
			<topic name="UDDI"/>
			<topic name="WSDL"/>
			<topic name="Putting It All Together"/>
			<topic name="What&apos;s Next?"/>
		</chapter>
		<chapter title="Content Syndication" number="14">
			<topic name="The Foobar Public Library"/>
			<topic name="mytechbooks.comI"/>
			<topic name="Push Versus Pull"/>
			<topic name="What&apos;s Next?"/>
		</chapter>
		<chapter title="XML Data Binding" number="15">
			<topic name="First Principles"/>
			<topic name="Castor"/>
			<topic name="Zeus"/>
			<topic name="JAXB"/>
			<topic name="What&apos;s Next?"/>
		</chapter>
		<chapter title="Looking Forward" number="16">
			<topic name="XLink"/>
			<topic name="XPointer"/>
			<topic name="XML Schema Bindings"/>
			<topic name="And the Rest..."/>
			<topic name="What&apos;s Next?"/>
		</chapter>
	</contents>
	<ora:copyright>&OReillyCopyright;</ora:copyright>
</book>
