<?xml version="1.0"?>
<item id="bourgOM" xmlns="http://www.oreilly.com/javaxml2">
<name>Bourgeois OM Guitar</name>





<description>This is a <i>beautiful</i> <b>Sitka-topped</b> guitar with <b>Indian Rosewood</b> 
back and sides. Made by luthier <a href="http://www.bourgeoisguitars.com">Dana 
Bourgeois</a>, this OM has a <b>huge sound</b>.
The guitar has <i>great action</i>, a 1 3/4" nut, and all 
<i>fossilized ivory</i> nut and saddle, with <i>ebony</i> end pins.
New condition, this is a <b>great guitar</b>!
</description>

</item>
